Tissue ID,DNA_ID,Temporary Name,Accession Number,Parent or offspring? (P/O),Species,Extracted?,Diluted and PCRs run?,MP1 Amplified?,MP2 Amplified?,MP3 Amplified?,Notes,Date of Collection,Longitude,Latitude,DBH(cm),DBH 2(cm),DBH 3(cm),DBH 4 (cm),Notes
UHA-0126,SH-Q2620,QUMU-MT2-1-0009,704-46*8-0004,O,Q. muehlenbergii,X,,,,,,,,,,,,,
UHA-0127,SH-Q2621,QUMU-MT2-1-0010,704-46*8-0005,O,Q. muehlenbergii,X,,,,,,,,,,,,,
UHA-0135,SH-Q2622,QUMU-MT2-1-0025,704-46*8-0013,O,Q. muehlenbergii,X,,,,,,,,,,,,,
UHA-0166,SH-Q2623,QUMU-MT6-0001,704-46*6-0001,O,Q. muehlenbergii,X,,,,,,,,,,,,,
UHA-0169,SH-Q2624,QUMU-MT6-0019,704-46*6-0004,O,Q. muehlenbergii,X,,,,,,,,,,,,,
UHA-0058,SH-Q2625,QUMU-MT7-1-0025,570-78*1-0016,O,Q. muehlenbergii,X,,,,,,,,,,,,,
UHA-0020,SH-Q2626,QUMU-MT16-0002,570-78*3-0002,O,Q. muehlenbergii,X,X,X,X,X,,,,,,,,,
UHA-0023,SH-Q2627,QUMU-MT16-0005,570-78*3-0005,O,Q. muehlenbergii,X,X,X,Rerun,X,,,,,,,,,
UHA-0025,SH-Q2628,QUMU-MT16-0007,570-78*3-0007,O,Q. muehlenbergii,X,X,X,X,X,,,,,,,,,
UHA-0026,SH-Q2629,QUMU-MT16-0008,570-78*3-0008,O,Q. muehlenbergii,X,X,X,X,X,,,,,,,,,
UHA-0027,SH-Q2630,QUMU-MT16-0009,570-78*3-0009,O,Q. muehlenbergii,X,X,X,X,X,,,,,,,,,
UHA-0028,SH-Q2631,QUMU-MT16-0010,570-78*3-0010,O,Q. muehlenbergii,X,X,X,X,X,,,,,,,,,
UHA-0099,SH-Q2632,QUMU-MT17-0002,549-82*4-0002,O,Q. muehlenbergii,X,X,X,X,X,,,,,,,,,
UHA-0019,SH-Q2785,QUMU-MT16-0001,570-78*3-0001,O,Q. muehlenbergii,X,X,X,Rerun,Rerun,,,,,,,,,
UHA-0029,SH-Q2789,QUMU-MT16-0011,570-78*3-0011,O,Q. muehlenbergii,X,X,X,X,X,,,,,,,,,
UHA-0039,SH-Q2791,QUMU-MT16-1-0010,570-78*3-0021,O,Q. muehlenbergii,X,X,Rerun,Rerun,Rerun,,,,,,,,,
UHA-0033,SH-Q2793,QUMU-MT16-1-0002,570-78*3-0015,O,Q. muehlenbergii,X,X,X,X,Rerun,,,,,,,,,
UHA-0043,SH-Q2794,QUMU-MT7-1-0001,570-78*1-0001,O,Q. muehlenbergii,X,X,X,X,X,,,,,,,,,
UHA-0044,SH-Q2795,QUMU-MT7-1-0002,570-78*1-0002,O,Q. muehlenbergii,X,X,X,Rerun,Rerun,,,,,,,,,
UHA-0045,SH-Q2796,QUMU-MT7-1-0006,570-78*1-0003,O,Q. muehlenbergii,X,X,X,X,X,,,,,,,,,
UHA-0047,SH-Q2798,QUMU-MT7-1-0009,570-78*1-0005,O,Q. muehlenbergii,X,X,X,X,X,,,,,,,,,
UHA-0050,SH-Q2801,QUMU-MT7-1-0012,570-78*1-0008,O,Q. muehlenbergii,X,X,X,Rerun,Rerun,,,,,,,,,
UHA-0051,SH-Q2802,QUMU-MT7-1-0015,570-78*1-0009,O,Q. muehlenbergii,X,X,X,Rerun,X,,,,,,,,,
UHA-0052,SH-Q2803,QUMU-MT7-1-0016,570-78*1-0010,O,Q. muehlenbergii,X,X,X,X,X,,,,,,,,,
UHA-0056,SH-Q2807,QUMU-MT7-1-0022,570-78*1-0014,O,Q. muehlenbergii,X,X,X,Rerun,X,,,,,,,,,
UHA-0068,SH-Q2809,QUMU-MT8-0002,704-46*13-0002,O,Q. muehlenbergii,X,X,X,X,X,,,,,,,,,
UHA-0070,SH-Q2811,QUMU-MT8-1-0008,704-46*13-0004,O,Q. muehlenbergii,X,X,X,X,X,,,,,,,,,
UHA-0071,SH-Q2812,QUMU-MT8-0005,704-46*13-0005,O,Q. muehlenbergii,X,X,X,X,X,,,,,,,,,
UHA-0075,SH-Q2816,QUMU-MT8-0010,704-46*13-0009,O,Q. muehlenbergii,X,X,X,Rerun,X,,,,,,,,,
UHA-0077,SH-Q2818,QUMU-MT8-0012,704-46*13-0011,O,Q. muehlenbergii,X,X,X,X,X,,,,,,,,,
UHA-0079,SH-Q2820,QUMU-MT8-0017,704-46*13-0013,O,Q. muehlenbergii,X,X,X,X,X,,,,,,,,,
UHA-0080,SH-Q2821,QUMU-MT8-0019,704-46*13-0014,O,Q. muehlenbergii,X,X,X,X,X,,,,,,,,,
UHA-0081,SH-Q2822,QUMU-MT8-0021,704-46*13-0015,O,Q. muehlenbergii,X,X,X,X,X,,,,,,,,,
UHA-0092,SH-Q2823,QUMU-MT9-1-0002,704-46*12-0001,O,Q. muehlenbergii,X,,,,,,,,,,,,,
UHA-0093,SH-Q2824,QUMU-MT9-1-0003,704-46*12-0002,O,Q. muehlenbergii,X,,,,,,,,,,,,,
UHA-0094,SH-Q2825,QUMU-MT9-1-0004,704-46*12-0003,O,Q. muehlenbergii,X,,,,,,,,,,,,,
UHA-0095,SH-Q2826,QUMU-MT9-1-0005,704-46*12-0004,O,Q. muehlenbergii,X,,,,,,,,,,,,,
UHA-0096,SH-Q2827,QUMU-MT9-1-0006,704-46*12-0005,O,Q. muehlenbergii,X,,,,,,,,,,,,,
UHA-0097,SH-Q2828,QUMU-MT9-0028,704-46*12-0006,O,Q. muehlenbergii,X,,,,,,,,,,,,,
UHA-0098,SH-Q2829,QUMU-MT17-0001,549-82*4-0001,O,Q. muehlenbergii,X,X,X,X,X,,,,,,,,,
UHA-0101,SH-Q2831,QUMU-MT17-0004,549-82*4-0004,O,Q. muehlenbergii,X,X,X,X,Rerun,,,,,,,,,
UHA-0104,SH-Q2833,QUMU-MT17-0009,549-82*4-0007,O,Q. muehlenbergii,X,X,X,Rerun,Rerun,,,,,,,,,
UHA-0105,SH-Q2834,QUMU-MT17-0011,549-82*4-0008,O,Q. muehlenbergii,X,X,X,X,X,,,,,,,,,
UHA-0107,SH-Q2835,QUMU-MT17-0015,549-82*4-0010,O,Q. muehlenbergii,X,X,Rerun,Rerun,Rerun,,,,,,,,,
UHA-0109,SH-Q2837,QUMU-MT17-0017,549-82*4-0012,O,Q. muehlenbergii,X,X,X,X,X,,,,,,,,,
UHA-0111,SH-Q2838,QUMU-MT17-0019,549-82*4-0014,O,Q. muehlenbergii,X,X,X,X,X,,,,,,,,,
UHA-0112,SH-Q2839,QUMU-MT17-0020,549-82*4-0015,O,Q. muehlenbergii,X,X,X,X,X,,,,,,,,,
UHA-0298,SH-Q2924,QUMU-MT18-0023,549-82*5-0009,O,Q. muehlenbergii,X,X,X,X,X,,,,,,,,,
UHA-0021,SH-Q2977,QUMU-MT16-0003,570-78*3-0003,O,Q. muehlenbergii,X,X,,,,"Re-extracted because initial DNA was discolored, did not amplify with PCR",,,,,,,,
UHA-0022,SH-Q2978,QUMU-MT16-0004,570-78*3-0004,O,Q. muehlenbergii,X,X,,,,"Re-extracted because initial DNA was discolored, did not amplify with PCR",,,,,,,,
UHA-0024,SH-Q2979,QUMU-MT16-0006,570-78*3-0006,O,Q. muehlenbergii,X,X,,,,"Re-extracted because initial DNA was discolored, did not amplify with PCR",,,,,,,,
UHA-0046,SH-Q2982,QUMU-MT7-1-0007,570-78*1-0004,O,Q. muehlenbergii,X,,,,,"Re-extracted because initial DNA was discolored, did not amplify with PCR",,,,,,,,
UHA-0048,SH-Q2983,QUMU-MT7-1-0010,570-78*1-0006,O,Q. muehlenbergii,X,,,,,"Re-extracted because initial DNA was discolored, did not amplify with PCR",,,,,,,,
UHA-0049,SH-Q2984,QUMU-MT7-1-0011,570-78*1-0007,O,Q. muehlenbergii,X,,,,,,,,,,,,,
UHA-0053,SH-Q2985,QUMU-MT7-1-0019,570-78*1-0011,O,Q. muehlenbergii,X,,,,,"Re-extracted because initial DNA was discolored, did not amplify with PCR",,,,,,,,
UHA-0054,SH-Q2986,QUMU-MT7-1-0020,570-78*1-0012,O,Q. muehlenbergii,X,,,,,"Re-extracted because initial DNA was discolored, did not amplify with PCR",,,,,,,,
UHA-0055,SH-Q2987,QUMU-MT7-1-0021,570-78*1-0013,O,Q. muehlenbergii,X,,,,,"Re-extracted because initial DNA was discolored, did not amplify with PCR",,,,,,,,
UHA-0067,SH-Q2988,QUMU-MT8-0001,704-46*13-0001,O,Q. muehlenbergii,X,,,,,"Re-extracted because initial DNA was discolored, did not amplify with PCR",,,,,,,,
UHA-0069,SH-Q2989,QUMU-MT8-0003,704-46*13-0003,O,Q. muehlenbergii,X,,,,,"Re-extracted because initial DNA was discolored, did not amplify with PCR",,,,,,,,
UHA-0072,SH-Q2990,QUMU-MT8-0006,704-46*13-0006,O,Q. muehlenbergii,X,,,,,"Re-extracted because initial DNA was discolored, did not amplify with PCR",,,,,,,,
UHA-0073,SH-Q2991,QUMU-MT8-0007,704-46*13-0007,O,Q. muehlenbergii,X,,,,,"Re-extracted because initial DNA was discolored, did not amplify with PCR",,,,,,,,
UHA-0074,SH-Q2992,QUMU-MT8-0009,704-46*13-0008,O,Q. muehlenbergii,X,,,,,"Re-extracted because initial DNA was discolored, did not amplify with PCR",,,,,,,,
UHA-0076,SH-Q2993,QUMU-MT8-0011,704-46*13-0010,O,Q. muehlenbergii,X,,,,,"Re-extracted because initial DNA was discolored, did not amplify with PCR",,,,,,,,
UHA-0078,SH-Q2994,QUMU-MT8-0013,704-46*13-0012,O,Q. muehlenbergii,X,,,,,"Re-extracted because initial DNA was discolored, did not amplify with PCR",,,,,,,,
UHA-0100,SH-Q2995,QUMU-MT17-0003,549-82*4-0003,O,Q. muehlenbergii,X,,,,,"Re-extracted because initial DNA was discolored, did not amplify with PCR",,,,,,,,
UHA-0102,SH-Q2996,QUMU-MT17-0005,549-82*4-0005,O,Q. muehlenbergii,X,,,,,"Re-extracted because initial DNA was discolored, did not amplify with PCR",,,,,,,,
UHA-0103,SH-Q2997,QUMU-MT17-0006,549-82*4-0006,O,Q. muehlenbergii,X,,,,,"Re-extracted because initial DNA was discolored, did not amplify with PCR",,,,,,,,
UHA-0106,SH-Q2998,QUMU-MT17-0014,549-82*4-0009,O,Q. muehlenbergii,X,,,,,"Re-extracted because initial DNA was discolored, did not amplify with PCR",,,,,,,,
UHA-0108,SH-Q2999,QUMU-MT17-0016,549-82*4-0011,O,Q. muehlenbergii,X,,,,,"Re-extracted because initial DNA was discolored, did not amplify with PCR",,,,,,,,
UHA-0110,SH-Q3000,QUMU-MT17-0018,549-82*4-0013,O,Q. muehlenbergii,X,,,,,"Re-extracted because initial DNA was discolored, did not amplify with PCR",,,,,,,,
UHA-0034,SH-Q3001,QUMU-MT16-1-0003,570-78*3-0016,O,Q. muehlenbergii,X,,,,,,,,,,,,,
UHA-0035,SH-Q3002,QUMU-MT16-1-0004,570-78*3-0017,O,Q. muehlenbergii,X,,,,,,,,,,,,,
UHA-0036,SH-Q3003,QUMU-MT16-1-0006,570-78*3-0018,O,Q. muehlenbergii,X,,,,,,,,,,,,,
UHA-0037,SH-Q3004,QUMU-MT16-1-0007,570-78*3-0019,O,Q. muehlenbergii,X,,,,,,,,,,,,,
UHA-0038,SH-Q3005,QUMU-MT16-1-0008,570-78*3-0020,O,Q. muehlenbergii,X,,,,,,,,,,,,,
UHA-0089,SH-Q3006,QUMU-MT8-1-0007,704-46*13-0023,O,Q. muehlenbergii,X,,,,,,,,,,,,,
UHA-0040,SH-Q3007,QUMU-MT16-1-0011,570-78*3-0022,O,Q. muehlenbergii,X,,,,,,,,,,,,,
UHA-0041,SH-Q3008,QUMU-MT16-1-0013,570-78*3-0023,O,Q. muehlenbergii,X,,,,,,,,,,,,,
UHA-0090,SH-Q3009,QUMU-MT8-1-0018,704-46*13-0024,O,Q. muehlenbergii,X,,,,,,,,,,,,,
UHA-0059,SH-Q3010,QUMU-MT7-1-0037,570-78*1-0017,O,Q. muehlenbergii,X,,,,,,,,,,,,,
UHA-0060,SH-Q3011,QUMU-MT7-1-0038,570-78*1-0018,O,Q. muehlenbergii,X,,,,,,,,,,,,,
UHA-0061,SH-Q3012,QUMU-MT7-1-0041,570-78*1-0019,O,Q. muehlenbergii,X,,,,,,,,,,,,,
UHA-0062,SH-Q3013,QUMU-MT7-1-0045,570-78*1-0020,O,Q. muehlenbergii,X,,,,,,,,,,,,,
UHA-0063,SH-Q3014,QUMU-MT7-1-0047,570-78*1-0021,O,Q. muehlenbergii,X,,,,,,,,,,,,,
UHA-0064,SH-Q3015,QUMU-MT7-1-0050,570-78*1-0022,O,Q. muehlenbergii,X,,,,,,,,,,,,,
UHA-0065,SH-Q3016,QUMU-MT7-1-0051,570-78*1-0023,O,Q. muehlenbergii,X,,,,,,,,,,,,,
UHA-0066,SH-Q3017,QUMU-MT7-1-0054,570-78*1-0024,O,Q. muehlenbergii,X,,,,,,,,,,,,,
UHA-0082,SH-Q3018,QUMU-MT8-1-0017,704-46*13-0016,O,Q. muehlenbergii,X,,,,,,,,,,,,,
UHA-0083,SH-Q3019,QUMU-MT8-0022,704-46*13-0017,O,Q. muehlenbergii,X,,,,,,,,,,,,,
UHA-0084,SH-Q3020,QUMU-MT8-0024,704-46*13-0018,O,Q. muehlenbergii,X,,,,,,,,,,,,,
UHA-0085,SH-Q3021,QUMU-MT8-0025,704-46*13-0019,O,Q. muehlenbergii,X,,,,,,,,,,,,,
UHA-0086,SH-Q3022,QUMU-MT8-1-0004,704-46*13-0020,O,Q. muehlenbergii,X,,,,,,,,,,,,,
UHA-0087,SH-Q3023,QUMU-MT8-1-0005,704-46*13-0021,O,Q. muehlenbergii,X,,,,,,,,,,,,,
UHA-0088,SH-Q3024,QUMU-MT8-1-0006,704-46*13-0022,O,Q. muehlenbergii,X,,,,,,,,,,,,,
UHA-0091,SH-Q3067,QUMU-MT8-1-0019,704-46*13-0025,O,Q. muehlenbergii,X,,,,,,,,,,,,,
UHA-0113,SH-Q3068,QUMU-MT17-0021,549-82*4-0016,O,Q. muehlenbergii,X,,,,,,,,,,,,,
UHA-0114,SH-Q3069,QUMU-MT17-0023,549-82*4-0017,O,Q. muehlenbergii,X,,,,,,,,,,,,,
UHA-0115,SH-Q3070,QUMU-MT18-0001,549-82*5-0001,O,Q. muehlenbergii,X,,,,,,,,,,,,,
UHA-0116,SH-Q3071,QUMU-MT18-0002,549-82*5-0002,O,Q. muehlenbergii,X,,,,,,,,,,,,,
UHA-0118,SH-Q3072,QUMU-MT18-1-0002,549-82*5-0004,O,Q. muehlenbergii,X,,,,,,,,,,,,,
UHA-0119,SH-Q3073,QUMU-MT18-1-0007,549-82*5-0005,O,Q. muehlenbergii,X,,,,,,,,,,,,,
UHA-0120,SH-Q3074,QUMU-MT18-1-0018,549-82*5-0006,O,Q. muehlenbergii,X,,,,,,,,,,,,,
UHA-0121,SH-Q3075,QUMU-MT18-1-0021,549-82*5-0007,O,Q. muehlenbergii,X,,,,,,,,,,,,,
UHA-0122,SH-Q3076,QUMU-MT18-1-0022,549-82*5-0008,O,Q. muehlenbergii,X,,,,,,,,,,,,,
UHA-0123,SH-Q3077,QUMU-MT2-1-0001,704-46*8-0001,O,Q. muehlenbergii,X,,,,,,,,,,,,,
UHA-0124,SH-Q3078,QUMU-MT2-1-0005,704-46*8-0002,O,Q. muehlenbergii,X,,,,,,,,,,,,,
UHA-0125,SH-Q3079,QUMU-MT2-1-0007,704-46*8-0003,O,Q. muehlenbergii,X,,,,,,,,,,,,,
UHA-0128,SH-Q3080,QUMU-MT2-1-0011,704-46*8-0006,O,Q. muehlenbergii,X,,,,,,,,,,,,,
UHA-0129,SH-Q3081,QUMU-MT2-1-0012,704-46*8-0007,O,Q. muehlenbergii,X,,,,,,,,,,,,,
UHA-0130,SH-Q3082,QUMU-MT2-1-0014,704-46*8-0008,O,Q. muehlenbergii,X,,,,,,,,,,,,,
UHA-0131,SH-Q3083,QUMU-MT2-1-0015,704-46*8-0009,O,Q. muehlenbergii,X,,,,,,,,,,,,,
UHA-0132,SH-Q3084,QUMU-MT2-1-0016,704-46*8-0010,O,Q. muehlenbergii,X,,,,,,,,,,,,,
UHA-0133,SH-Q3085,QUMU-MT2-1-0018,704-46*8-0011,O,Q. muehlenbergii,X,,,,,,,,,,,,,
UHA-0134,SH-Q3086,QUMU-MT2-1-0024,704-46*8-0012,O,Q. muehlenbergii,X,,,,,,,,,,,,,
UHA-0136,SH-Q3087,QUMU-MT2-1-0026,704-46*8-0014,O,Q. muehlenbergii,X,,,,,,,,,,,,,
UHA-0137,SH-Q3088,QUMU-MT2-1-0030,704-46*8-0015,O,Q. muehlenbergii,X,,,,,,,,,,,,,
UHA-0138,SH-Q3089,QUMU-MT2-1-0032,704-46*8-0016,O,Q. muehlenbergii,X,,,,,,,,,,,,,
UHA-0139,SH-Q3090,QUMU-MT2-1-0036,704-46*8-0017,O,Q. muehlenbergii,X,,,,,,,,,,,,,
UHA-0140,SH-Q3091,QUMU-MT2-1-0051,704-46*8-0018,O,Q. muehlenbergii,X,,,,,,,,,,,,,
UHA-0141,SH-Q3092,QUMU-MT2-1-0042,704-46*8-0019,O,Q. muehlenbergii,X,,,,,,,,,,,,,
UHA-0142,SH-Q3093,QUMU-MT2-1-0044,704-46*8-0020,O,Q. muehlenbergii,X,,,,,,,,,,,,,
UHA-0143,SH-Q3094,QUMU-MT2-1-0045,704-46*8-0021,O,Q. muehlenbergii,X,,,,,,,,,,,,,
UHA-0144,SH-Q3095,QUMU-MT2-1-0046,704-46*8-0022,O,Q. muehlenbergii,X,,,,,,,,,,,,,
UHA-0145,SH-Q3096,QUMU-MT2-1-0048,704-46*8-0023,O,Q. muehlenbergii,X,,,,,,,,,,,,,
UHA-0146,SH-Q3097,QUMU-MT2-1-0049,704-46*8-0024,O,Q. muehlenbergii,X,,,,,,,,,,,,,
UHA-0147,SH-Q3098,QUMU-MT2-1-0050,704-46*8-0025,O,Q. muehlenbergii,X,,,,,,,,,,,,,
UHA-0150,SH-Q3099,QUMU-MT4-0005,704-46*1-0003,O,Q. muehlenbergii,X,,,,,,,,,,,,,
UHA-0162,SH-Q3102,QUMU-MT4-0023,704-46*1-0015,O,Q. muehlenbergii,X,,,,,Resampled 9/6/23 due to tissue necrosis ,,,,,,,,
UHA-0163,SH-Q3103,QUMU-MT4-0025,704-46*1-0016,O,Q. muehlenbergii,X,,,,,Resampled 9/6/23 due to tissue necrosis ,,,,,,,,
UHA-0164,SH-Q3104,QUMU-MT13-0004,704-46*14-0001,O,Q. muehlenbergii,X,,,,,,,,,,,,,
UHA-0165,SH-Q3105,QUMU-MT13-0006,704-46*14-0002,O,Q. muehlenbergii,X,,,,,,,,,,,,,
UHA-0167,SH-Q3106,QUMU-MT6-0014,704-46*6-0002,O,Q. muehlenbergii,X,,,,,,,,,,,,,
UHA-0168,SH-Q3107,QUMU-MT6-0018,704-46*6-0003,O,Q. muehlenbergii,X,,,,,,,,,,,,,
UHA-0170,SH-Q3108,QUMU-MT6-0020,704-46*6-0005,O,Q. muehlenbergii,X,,,,,,,,,,,,,
UHA-0171,SH-Q3109,QUMU-MT18-0020,549-82*5-0009,O,Q. muehlenbergii,X,,,,,,,,,,,,,
UHA-0148,SH-Q3121,QUMU-MT4-0002,704-46*1-0001,O,Q. muehlenbergii,X,,,,,Resampled 9/6/23 due to tissue necrosis ,,,,,,,,
UHA-0151,SH-Q3122,QUMU-MT4-0007,704-46*1-0004,O,Q. muehlenbergii,X,,,,,Resampled 9/6/23 due to tissue necrosis ,,,,,,,,
UHA-0152,SH-Q3123,QUMU-MT4-0009,704-46*1-0005,O,Q. muehlenbergii,X,,,,,Resampled 9/6/23 due to tissue necrosis ,,,,,,,,
UHA-0153,SH-Q3124,QUMU-MT4-0010,704-46*1-0006,O,Q. muehlenbergii,X,,,,,Resampled 9/6/23 due to tissue necrosis ,,,,,,,,
UHA-0154,SH-Q3125,QUMU-MT4-0012,704-46*1-0007,O,Q. muehlenbergii,X,,,,,Resampled 9/6/23 due to tissue necrosis ,,,,,,,,
UHA-0155,SH-Q3126,QUMU-MT4-0014,704-46*1-0008,O,Q. muehlenbergii,X,,,,,Resampled 9/6/23 due to tissue necrosis ,,,,,,,,
UHA-0156,SH-Q3127,QUMU-MT4-0015,704-46*1-0009,O,Q. muehlenbergii,X,,,,,Resampled 9/6/23 due to tissue necrosis ,,,,,,,,
UHA-0157,SH-Q3128,QUMU-MT4-0016,704-46*1-0010,O,Q. muehlenbergii,X,,,,,Resampled 9/6/23 due to tissue necrosis ,,,,,,,,
UHA-0158,SH-Q3129,QUMU-MT4-0018,704-46*1-0011,O,Q. muehlenbergii,X,,,,,Resampled 9/6/23 due to tissue necrosis ,,,,,,,,
UHA-0159,SH-Q3130,QUMU-MT4-0019,704-46*1-0012,O,Q. muehlenbergii,X,,,,,Resampled 9/6/23 due to tissue necrosis ,,,,,,,,
UHA-0160,SH-Q3131,QUMU-MT4-0020,704-46*1-0013,O,Q. muehlenbergii,X,,,,,Resampled 9/6/23 due to tissue necrosis ,,,,,,,,
UHA-0161,SH-Q3132,QUMU-MT4-0021,704-46*1-0014,O,Q. muehlenbergii,X,,,,,Resampled 9/6/23 due to tissue necrosis ,,,,,,,,
UHA-0030,,QUMU-MT16-1-0004,570-78*3-0012,O,Q. muehlenbergii,No tissue,,,,,,,,,,,,,
UHA-0031,,QUMU-MT16-1-0010,570-78*3-0013,O,Q. muehlenbergii,No tissue,,,,,,,,,,,,,
UHA-0032,,QUMU-MT16-1-0013,570-78*3-0014,O,Q. muehlenbergii,No tissue,,,,,,,,,,,,,
UHA-0042,,QUMU-MT16-0018,570-78*3-0024,O,Q. muehlenbergii,No tissue,,,,,,,,,,,,,
UHA-0057,,QUMU-MT7-1-0024,570-78*1-0015,O,Q. muehlenbergii,No tissue,,,,,,,,,,,,,
UHA-0117,,QUMU-MT18-0003,549-82*5-0003,O,Q. muehlenbergii,No tissue,,,,,,,,,,,,,
UHA-0149,,QUMU-MT4-0004,704-46*1-0002,O,Q. muehlenbergii,No tissue,,,,,,,,,,,,,
UHA-0426,,QUMU-MT1-0001,NA,O,Q. muehlenbergii ,,,,,,,06/23/23,,,,,,,
UHA-0427,,QUMU-MT9-0007,NA,O,Q. muehlenbergii ,,,,,,,06/23/23,,,,,,,
UHA-0428,,QUMU-MT9-1-0027,NA,O,Q. muehlenbergii ,,,,,,,06/23/23,,,,,,,
UHA-0429,,QUMU-MT4-0003,NA,O,Q. muehlenbergii ,,,,,,,06/23/23,,,,,,,
UHA-0430,,QUMU-MT4-0006,NA,O,Q. muehlenbergii ,,,,,,,06/23/23,,,,,,,
UHA-0431,,QUMU-MT4-0008,NA,O,Q. muehlenbergii ,,,,,,,06/23/23,,,,,,,
UHA-0432,,QUMU-MT4-0011,NA,O,Q. muehlenbergii ,,,,,,,06/23/23,,,,,,,
UHA-0433,,QUMU-MT4-0013,NA,O,Q. muehlenbergii ,,,,,,,06/23/23,,,,,,,
UHA-0434,,QUMU-MT4-0017,NA,O,Q. muehlenbergii ,,,,,,,06/23/23,,,,,,,
UHA-0435,,QUMU-MT2-1-0006,NA,O,Q. muehlenbergii ,,,,,,,06/23/23,,,,,,,
UHA-0436,,QUMU-MT2-1-0013,NA,O,Q. muehlenbergii ,,,,,,,06/23/23,,,,,,,
UHA-0437,,QUMU-MT2-1-0021,NA,O,Q. muehlenbergii ,,,,,,,06/23/23,,,,,,,
UHA-0438,,QUMU-MT2-1-0022,NA,O,Q. muehlenbergii ,,,,,,,06/23/23,,,,,,,
UHA-0439,,QUMU-MT2-1-0023,NA,O,Q. muehlenbergii ,,,,,,,06/23/23,,,,,,,
UHA-0440,,QUMU-MT7-1-0004,NA,O,Q. muehlenbergii ,,,,,,,06/23/23,,,,,,,
UHA-0441,,QUMU-MT7-1-0008,NA,O,Q. muehlenbergii ,,,,,,,06/23/23,,,,,,,
UHA-0442,,QUMU-MT7-1-0014,NA,O,Q. muehlenbergii ,,,,,,,06/23/23,,,,,,,
UHA-0443,,QUMU-MT7-1-0017,NA,O,Q. muehlenbergii ,,,,,,,06/23/23,,,,,,,
UHA-0444,,QUMU-MT7-1-0018,NA,O,Q. muehlenbergii ,,,,,,,06/23/23,,,,,,,
UHA-0445,,QUMU-MT7-1-0023,NA,O,Q. muehlenbergii ,,,,,,,06/23/23,,,,,,,
UHA-0446,,QUMU-MT7-1-0031,NA,O,Q. muehlenbergii ,,,,,,,06/23/23,,,,,,,
UHA-0447,,QUMU-MT7-1-0033,NA,O,Q. muehlenbergii ,,,,,,,06/23/23,,,,,,,
UHA-0448,,QUMU-MT7-1-0036,NA,O,Q. muehlenbergii ,,,,,,,06/23/23,,,,,,,
UHA-0449,,QUMU-MT7-1-0039,NA,O,Q. muehlenbergii ,,,,,,,06/23/23,,,,,,,
UHA-0450,,QUMU-MT7-1-0040,NA,O,Q. muehlenbergii ,,,,,,,06/23/23,,,,,,,
UHA-0451,,QUMU-MT7-1-0042,NA,O,Q. muehlenbergii ,,,,,,,06/23/23,,,,,,,
UHA-0452,,QUMU-MT7-1-0043,NA,O,Q. muehlenbergii ,,,,,,,06/23/23,,,,,,,
UHA-0453,,QUMU-MT7-1-0049,NA,O,Q. muehlenbergii ,,,,,,,06/23/23,,,,,,,
UHA-0454,,QUMU-MT17-0007,NA,O,Q. muehlenbergii ,,,,,,,06/23/23,,,,,,,
UHA-0455,,QUMU-MT17-0008,NA,O,Q. muehlenbergii ,,,,,,,06/23/23,,,,,,,
UHA-0456,,QUMU-MT17-0012,NA,O,Q. muehlenbergii ,,,,,,,06/23/23,,,,,,,
UHA-0457,,QUMU-MT17-0013,NA,O,Q. muehlenbergii ,,,,,,,06/23/23,,,,,,,
UHA-0458,,QUMU-MT17-0022,NA,O,Q. muehlenbergii ,,,,,,,06/23/23,,,,,,,
UHA-0459,,QUMU-MT17-0024,NA,O,Q. muehlenbergii ,,,,,,,06/23/23,,,,,,,
UHA-0460,,QUMU-MT17-0025,NA,O,Q. muehlenbergii ,,,,,,,06/23/23,,,,,,,
UHA-0001,SH-Q2612,QUAL-MT1,755-79*1,P,Q. alba,X,X,X,X,X,,,-88.066639,41.8139531,45.5,,,,"Old lat/long: (41.814518,-88.066243)"
UHA-0002,SH-Q2613,QUAL-MT2,755-79*5,P,Q. alba,X,X,X,X,X,,,-88.066559,41.813961,34.8,,,,"Old lat/long: (41.815203,-88.071058)"
UHA-0003,SH-Q2614,QUAL-MT3,134-U*72,P,Q. alba,X,X,X,X,X,,,-88.068732,41.815779,71.2,,,,
UHA-0004,SH-Q2615,QUBI-MT1,463-84*5,P,Q. bicolor,X,X,X,X,X,,,-88.066721,41.814783,61.9,,,,
UHA-0005,SH-Q2616,QUBI-MT4,789-2004*3,P,Q. bicolor,X,X,X,X,X,,,-88.0708121,41.815453,43.9,,,,"Old lat/long: (41.817355,-88.064352)"
UHA-0006,SH-Q2617,QUBI-MT6,789-2004*2,P,Q. bicolor,X,X,X,X,X,,,-88.071058,41.815203,37.1,,,,"Old lat/long: (41.815453, -88.070812)"
UHA-0007,SH-Q2618,QUMA-MT1,478-2001*2,P,Q. macrocarpa,X,X,X,X,X,,,-88.065814,41.815105,31.8,,,,
UHA-0008,SH-Q2619,QUMA-MT2,527-2000*2,P,Q. macrocarpa,X,X,X,X,X,,,-88.06698,41.81485,35.4,,,,
UHA-0009,SH-Q2775,QUMU-MT1,704-46*5,P,Q. muehlenbergii,X,X,X,X,X,,,-88.069397,41.814984,95,26.6,,,
UHA-0010,SH-Q2776,QUMU-MT2,704-46*8,P,Q. muehlenbergii,X,X,X,X,X,,,-88.067413,41.816572,76.7,19.5,19.6,,The DBH is the average of the diameter above and below these two branches because they were two big branches right at breast height
UHA-0011,SH-Q2777,QUMU-MT3,704-46*7,P,Q. muehlenbergii,X,X,X,X,X,,,-88.068655,41.815796,82.8,,,,
UHA-0012,SH-Q2778,QUMU-MT4,704-46*1,P,Q. muehlenbergii,X,X,X,X,X,,,-88.066633,41.81118,,,,,
UHA-0013,SH-Q2779,QUMU-MT6,704-46*6,P,Q. muehlenbergii,X,X,X,X,X,,,-88.06758,41.815615,64.6,,,,
UHA-0014,SH-Q2780,QUMU-MT8,704-46*13,P,Q. muehlenbergii,X,X,X,X,X,,,-88.063177,41.811685,67.4,,,,
UHA-0015,SH-Q2781,QUMU-MT9,704-46*12,P,Q. muehlenbergii,X,X,X,X,X,,,-88.063254,41.81167,55.2,,,,
UHA-0016,SH-Q2782,QUMU-MT13,704-46*14,P,Q. muehlenbergii,X,X,X,X,X,,,-88.063069,41.811735,46.2,,,,
UHA-0017,SH-Q2783,QUMA-MT4,1443-2004*1,P,Q. macrocarpa,X,X,X,X,X,,,-88.071193,41.815018,34.1,,,,
UHA-0018,SH-Q2784,QUMA-MT7,316-85*1,P,Q. macrocarpa,X,X,X,X,X,,,,,NA,,,,"Removed from study, outside range"
UHA-0172,SH-Q3110,,NA,P,Q. x humidicola,X,,,,,,9/1/23,-88.06630278,41.81127634,52.8,,,,
UHA-0173,SH-Q3111,,NA,P,Q. x humidicola,X,,,,,,9/1/23,-88.06641166,41.81106623,29.1,23.8,26.5,,"I had a hard time finding this one, I think it might be a red oak, but it was closest to the coordinates. It is my best guess for what tree this was with no accession information."
UHA-0174,SH-Q3112,,NA,P,Q. macrocarpa,X,,,,,,9/1/23,-88.0668092,41.8109505,49.4,,,,
UHA-0175,SH-Q3113,,NA,P,Q. macrocarpa,X,,,,,,9/1/23,-88.06674185,41.81093655,40.4,,,,
UHA-0176,SH-Q3114,,NA,P,Q. x humidicola,X,,,,,,9/1/23,-88.0663978,41.8109425,37,,,,
UHA-0177,SH-Q3115,,NA,P,Q. macrocarpa,X,,,,,,9/1/23,-88.06620011,41.8109599,33.3,,,,
UHA-0178,SH-Q3116,,NA,P,Q. macrocarpa,X,,,,,,9/1/23,-88.06612306,41.81090792,40.5,,,,
UHA-0179,SH-Q3117,,NA,P,Q. macrocarpa,X,,,,,,9/1/23,-88.06617062,41.81120789,69.2,,,,
UHA-0180,,,NA,P,Q. macrocarpa,,,,,,,9/14/23,-88.06016294,41.81331623,73.6,,,,
UHA-0181,,,NA,P,Q. macrocarpa,,,,,,,9/14/23,-88.05990421,41.81349473,90.9,,,,
UHA-0182,,,NA,P,Q. macrocarpa,,,,,,,9/14/23,-88.0599728,41.8137023,75.1,,,,
UHA-0183,SH-Q2840,,1277-2004*1,P,Q. alba,X,X,X,X,X,,06/01,-88.069844,41.813993,27.3,,,,
UHA-0184,SH-Q2841,,1277-2004*3,P,Q. alba,X,X,X,X,Rerun,,06/07,-88.069869,41.814047,29.8,,,,
UHA-0185,NA,,134-U*1,P,Q. alba,No tissue,,,,,Couldn't find (5/31) - possibly removed,,-88.065154,41.818153,NA,,,,
UHA-0186,SH-Q2842,,239-42*1,P,Q. alba,X,X,X,X,X,,5/31/23,-88.069282,41.816511,63.1,,,,
UHA-0187,SH-Q2843,,392-2006*1,P,Q. alba,X,X,X,X,X,,06/01,-88.068177,41.813475,28.6,,,,
UHA-0188,SH-Q2844,,468-2001*1,P,Q. alba,X,X,X,X,X,,06/07,-88.062587,41.814651,26.2,8.1,,,
UHA-0189,SH-Q3118,,468-2001*2,P,Q. alba,X,,,,,,9/1/23,-88.063049,41.815225,26.3,,,,
UHA-0190,SH-Q3119,,468-2001*3,P,Q. alba,X,,,,,,9/1/23,-88.062965,41.81532,14.8,,,,
UHA-0191,SH-Q2845,,755-79*2,P,Q. alba,X,X,X,X,X,,06/01,-88.066559,41.813961,32.6,,,,
UHA-0192,NA,,530-2008*7,P,Q. aliena var. acutiserrata,No tissue,,,,,,,-88.062315,41.81588,NA,,,,"No tissue, can't find"
UHA-0193,SH-Q2846,,1278-2004*1,P,Q. bicolor,X,X,X,X,Rerun,,5/31/23,-88.068569,41.814118,28.3,,,,
UHA-0194,SH-Q2847,,1278-2004*3,P,Q. bicolor,X,X,X,X,X,,6/1/23,-88.068624,41.813697,25.4,,,,
UHA-0195,SH-Q2848,,1278-2004*4,P,Q. bicolor,X,X,X,X,X,,06/01/2023,-88.068607,41.81373,29.2,,,,
UHA-0196,SH-Q2849,,1278-2004*5,P,Q. bicolor,X,X,X,X,X,,06/01/2023,-88.068609,41.813769,24.6,,,,
UHA-0197,SH-Q2850,,1294-2004*1,P,Q. bicolor,X,X,X,X,X,,06/01/2023,-88.069395,41.813639,26.1,,,,
UHA-0198,SH-Q2851,,1294-2004*2,P,Q. bicolor,X,X,X,X,X,,06/01/2023,-88.069494,41.813636,NA,,,,Not found in children's garden! No more accession info in BRAHMS
UHA-0199,SH-Q3120,,135-U*10,P,Q. bicolor,X,,,,,,9/1/23,-88.06093,41.813936,59.3,,,,
UHA-0200,NA,,135-U*12,P,Q. bicolor,No tissue,,,,,Removed - 9/1/23,Removed,-88.060932,41.813977,NA,,,,"Tree was removed from grounds, stump found 7/3/24"
UHA-0201,NA,,135-U*13,P,Q. bicolor,No tissue,,,,,Removed - 9/1/23,removed,-88.060952,41.814018,NA,,,,"Tree was removed from grounds, stump found 7/3/24"
UHA-0202,SH-Q2852,QUBI-MT7,135-U*3,P,Q. bicolor,X,X,X,X,X,,5/31/23,-88.069315,41.816016,56,,,,
UHA-0203,SH-Q3135,,135-U*8,P,Q. bicolor,X,,,,,,9/1/23,-88.060924,41.813812,74.1,,,,
UHA-0204,SH-Q3136,,135-U*9,P,Q. bicolor,X,,,,,,9/1/23,-88.060928,41.813895,74.3,,,,
UHA-0205,SH-Q2853,QUBI-MT3,393-2006*1,P,Q. bicolor,X,X,X,X,X,,06/01/2023,-88.069529,41.813432,35.1,,,,
UHA-0206,SH-Q2854,QUBI-MT5,393-2006*2,P,Q. bicolor,X,X,X,X,X,,5/31/23,-88.069997,41.814384,27.3,,,,
UHA-0207,SH-Q2855,QUBI-MT2,463-84*5,P,Q. bicolor,X,X,X,X,X,,06/01/23,-88.065546,41.814944,56.6,,,,
UHA-0208,SH-Q2856,,525-32*1,P,Q. bicolor,X,X,X,X,X,,5/31/23,-88.069329,41.816331,44.7,,,,
UHA-0209,SH-Q2857,,551-2005*3,P,Q. bicolor,X,X,X,X,X,,06/01/2023,-88.068131,41.813429,26,,,,
UHA-0210,SH-Q2858,,616-30*3,P,Q. × deamii,X,X,X,X,X,,06/08/2023,-88.067528,41.816267,85.6,,,,
UHA-0211,SH-Q2859,,173-2001*1,P,Q. dentata,X,X,X,X,X,,06/08/2023,-88.0644,41.817529,19.5,,,,
UHA-0212,SH-Q2860,,173-2001*2,P,Q. dentata,X,X,X,X,X,,06/08/2023,-88.064301,41.817535,17.3,,,,
UHA-0213,SH-Q2861,,210-91*1,P,Q. prinoides,X,X,X,X,X,,06/07/23,-88.062858,41.814562,29.8,11.2,,,
UHA-0214,SH-Q2862,,210-91*5,P,Q. prinoides,X,X,X,X,X,,06/07/23,-88.062814,41.814484,28.7,,,,
UHA-0215,SH-Q2863,,699-50*1,P,Q. × humidicola,X,X,X,X,X,,5/31/23,-88.06631,41.811194,31.2,,,,
UHA-0216,SH-Q2864,,699-50*2,P,Q. × humidicola,X,X,X,X,X,,5/31/23,-88.066252,41.81119,59.3,,,,
UHA-0217,SH-Q2865,,699-50*3,P,Q. × humidicola,X,X,X,X,X,,5/31/23,-88.066283,41.810901,61.8,,,,
UHA-0218,SH-Q2866,,699-50*4,P,Q. × humidicola,X,X,X,X,X,,5/31/23,-88.066205,41.81098,68.8,,,,
UHA-0219,SH-Q2867,,699-50*5,P,Q. × humidicola,X,X,X,X,X,,5/31/23,-88.066246,41.811069,39.7,,,,
UHA-0220,SH-Q2868,,699-50*7,P,Q. × humidicola,X,X,X,X,X,,5/31/23,-88.066181,41.811162,40.8,,,,
UHA-0221,SH-Q2869,,35-2007*3,P,Q. × macdanielii,X,X,X,X,X,,5/31/23,-88.070197,41.816389,18.7,,,,
UHA-0222,SH-Q2870,,35-2007*4,P,Q. × macdanielii,X,X,X,X,X,,5/31/23,-88.070287,41.816345,17.9,,,,
UHA-0223,SH-Q2871,,1279-2004*10,P,Q. macrocarpa,X,X,X,X,X,,06/07/23,-88.069986,41.813794,29.7,,,,
UHA-0224,SH-Q2872,,1279-2004*2,P,Q. macrocarpa,X,X,X,X,X,,06/01/23,-88.068949,41.813826,33.8,,,,
UHA-0225,SH-Q2873,,1279-2004*3,P,Q. macrocarpa,X,X,X,X,X,,06/01/23,-88.068608,41.813516,28.8,,,,
UHA-0226,SH-Q2874,,1279-2004*7,P,Q. macrocarpa,X,X,X,X,X,,06/01/23,-88.068387,41.813409,32.1,,,,
UHA-0227,SH-Q2875,,1279-2004*8,P,Q. macrocarpa,X,X,X,X,X,,06/01/23,-88.068512,41.813491,27.6,,,,
UHA-0228,SH-Q2876,,1279-2004*9,P,Q. macrocarpa,X,X,X,X,X,,06/01/23,-88.069115,41.813764,31,,,,
UHA-0229,SH-Q2877,QUMA-MT4,"1443-2004*1",P,Q. macrocarpa,X,X,X,X,X,,06/08/23,-88.071193,41.815018,,,,,
UHA-0230,SH-Q2878,QUMA-MT8,16-2006*1,P,Q. macrocarpa,X,X,X,X,X,,5/31/23,-88.070629,41.816114,32.3,,,,
UHA-0231,SH-Q2879,QUMA-MT6,478-2001*1,P,Q. macrocarpa,X,X,X,X,X,,06/01/23,-88.065699,41.814998,34.8,,,,
UHA-0232,SH-Q2880,,478-2001*3,P,Q. macrocarpa,X,X,X,X,X,,06/01/23,-88.065708,41.81511,27.7,,,,
UHA-0233,SH-Q2881,,527-2000*1,P,Q. macrocarpa,X,X,X,X,X,,06/07/2023,-88.064893,41.814113,29.6,,,,
UHA-0234,SH-Q3137,,527-2000*3,P,Q. macrocarpa,X,,,,,,9/1/23,-88.06334,41.814841,21,,,,
UHA-0235,SH-Q3138,,527-2000*4,P,Q. macrocarpa,X,,,,,,9/1/23,-88.063468,41.814898,27.5,,,,
UHA-0236,SH-Q3139,,527-2000*5,P,Q. macrocarpa,X,,,,,,9/1/23,-88.063326,41.814932,33.2,,,,
UHA-0237,SH-Q2882,QUMA-MT5,527-2000*6,P,Q. macrocarpa,X,X,X,X,X,,06/01/23,-88.065539,41.814788,,,,,
UHA-0238,SH-Q2883,,537-82*14,P,Q. macrocarpa,X,X,X,X,X,,05/31/23,-88.06646,41.81765,53.5,,,,
UHA-0239,SH-Q2884,,537-82*2,P,Q. macrocarpa,X,X,X,X,X,,06/01/23,-88.066492,41.814429,42.1,,,,
UHA-0240,SH-Q2885,,537-82*3,P,Q. macrocarpa,X,X,X,X,X,,06/01/23,-88.066813,41.814478,54.2,,,,
UHA-0241,SH-Q2886,,54-2007*3,P,Q. macrocarpa,X,X,X,X,X,,5/31/23,-88.070338,41.815844,18.8,,,,
UHA-0242,SH-Q2887,,548-82*2,P,Q. macrocarpa,X,X,X,X,X,,06/01/23,-88.065516,41.814031,37.2,,,,
UHA-0243,SH-Q2888,,548-82*4,P,Q. macrocarpa,X,X,X,X,X,,06/01/23,-88.065452,41.814057,40.3,,,,
UHA-0244,SH-Q2889,,548-82*5,P,Q. macrocarpa,X,X,Rerun,Rerun,Rerun,"Duplicate inconsistent in all multiplexes, rerun in new dilution plate",06/01/23,-88.065456,41.814153,33.5,,,,
UHA-0245,SH-Q2890,QUMA-MT3,582-2004*1,P,Q. macrocarpa,X,X,X,X,X,,06/08/23,-88.070533,41.815609,38,,,,
UHA-0246,SH-Q2891,,582-2004*3,P,Q. macrocarpa,X,X,X,X,X,,5/31/23,-88.070591,41.815934,29.6,,,,
UHA-0247,SH-Q2892,,582-2004*4,P,Q. macrocarpa,X,X,X,X,X,,5/31/23,-88.070395,41.815801,29.8,,,,
UHA-0248,SH-Q2893,,539-96*8,P,Q. michauxii,X,X,X,X,X,,6/7/23,-88.063309,41.814221,NA,,,,"Stump of tree found, doesn't exist anymore (7/12/24)"
UHA-0249,SH-Q2894,,539-96*9,P,Q. michauxii,X,X,X,X,X,,6/7/23,-88.063408,41.814304,31.4,,,,
UHA-0250,NA,,333-94*8,P,Q. mongolica,No tissue,,,,,"Not found, 06/01/23",,,,NA,,,,
UHA-0251,SH-Q2895,,333-94*9,P,Q. mongolica,X,X,X,X,X,,06/01/23,-88.068722,41.813274,18.2,12.4,16.6,,"Three main trunks, diameter of the base: 30.5"
UHA-0252,SH-Q2896,,343-94*6,P,Q. mongolica,X,X,X,X,X,,06/01/23,-88.068983,41.813863,24.8,,,,
UHA-0253,NA,,852-2005*2,P,Q. mongolica,No tissue,,,,,"Not found, possibly removed 6/8/23",,,,NA,,,,
UHA-0254,SH-Q2897,,207-40*1,P,Q. montana,X,X,X,X,X,,5/31/23,-88.069208,41.816087,43.4,,,,
UHA-0255,SH-Q2898,,207-40*5,P,Q. montana,X,X,X,X,X,,06/08/23,-88.067914,41.816271,49.1,,,,
UHA-0256,SH-Q2899,,474-2001*1,P,Q. muehlenbergii,X,X,X,X,X,,06/01/23,-88.065297,41.814547,29.5,,,,
UHA-0257,SH-Q2900,QUMU-MT17,549-82*4,P,Q. muehlenbergii,X,X,X,X,X,,06/01/23,-88.06577,41.814038,68.2,,,,
UHA-0258,SH-Q2901,,549-82*6,P,Q. muehlenbergii,X,X,X,X,X,,06/01/23,-88.06581,41.814109,39.2,,,,
UHA-0259,SH-Q2902,,550-82*6,P,Q. muehlenbergii,X,X,X,X,X,,5/31/23,-88.066622,41.817259,54.5,,,,
UHA-0260,SH-Q2903,QUMU-MT7,570-78*1,P,Q. muehlenbergii,X,X,X,X,X,,06/01/23,-88.066314,41.813805,66.6,,,,
UHA-0261,SH-Q2904,QUMU-MT16,570-78*3,P,Q. muehlenbergii,X,X,X,X,X,,06/01/23,-88.066218,41.813887,50.6,,,,
UHA-0262,SH-Q2905,QUMU-MT14,704-46*10,P,Q. muehlenbergii,X,X,X,X,X,,06/01/23,-88.064,41.811708,58.5,,,,
UHA-0263,SH-Q2906,,704-46*11,P,Q. muehlenbergii,X,X,X,X,X,,06/01/23,-88.063389,41.811663,61.1,,,,
UHA-0264,SH-Q2907,QUMU-MT10,704-46*15,P,Q. muehlenbergii,X,X,X,X,X,,06/01/23,-88.063301,41.811734,46.9,,,,
UHA-0265,SH-Q2908,QUMU-MT12,704-46*16,P,Q. muehlenbergii,X,X,X,X,X,,06/01/23,-88.063121,41.811813,52.5,,,,
UHA-0266,SH-Q2909,QUMU-MT11,704-46*17,P,Q. muehlenbergii,X,X,X,X,X,,06/01/23,-88.063221,41.811843,74.5,32.2,15.1,16.8,Four main trunks
UHA-0267,SH-Q2910,QUMU-MT5,704-46*9,P,Q. muehlenbergii,X,X,X,X,X,,5/31/23,-88.066639,41.813953,,,,,
UHA-0268,SH-Q3140,,120-2001*2,P,Q. prinoides,X,,,,,,9/1/23,-88.063133,41.813314,13.2,5.3,6.8,,"One main trunk, two larger branches. Dwarf tree"
UHA-0269,SH-Q3141,,120-2001*3,P,Q. prinoides,X,,,,,,9/1/23,-88.063184,41.813308,16.4,8.1,,,"One main trunk, one larger branch. Dwarf tree"
UHA-0270,SH-Q3142,,365-2007*1,P,Q. prinoides,X,,,,,,9/1/23,-88.062577,41.814501,5.7,,,,"Dwarf, measured 6 in from ground"
UHA-0271,SH-Q3143,,365-2007*5,P,Q. prinoides,X,,,,,,9/1/23,-88.062582,41.814539,5.7,,,,"Dwarf, measured 6 in from ground"
UHA-0272,SH-Q3144,,365-2007*6,P,Q. prinoides,X,,,,,,9/1/23,-88.062539,41.814551,4.5,3.1,,,"Dwarf, measured 6 in from ground"
UHA-0273,SH-Q2911,,563-32*1,P,Q. robur,X,X,X,X,X,,5/31/23,-88.068934,41.816519,78.05,21.8,,,"Big branch right at the level of the DBH, averaged the measurements above (76.3) and below (79.8) breast hieght"
UHA-0274,NA,,28-93*1,P,Q. stellata,No tissue ,,,,,"Not found, possibly removed 6/8/23",,,,NA,,,,
UHA-0275,NA,,65-2008*2,P,Q. stellata,No tissue ,,,,,"Not found, possibly removed 6/8/23",,,,NA,,,,
UHA-0276,SH-Q3133,,479-2001*1,P,Q. stellata,X,,,,,,9/1/23,-88.062894,41.815127,26.1,,,,
UHA-0277,SH-Q3134,,479-2001*2,P,Q. stellata,X,,,,,,9/1/23,-88.062878,41.815243,22.2,,,,
UHA-0278,,,479-2001*3,P,Q. stellata,,,,,,,9/1/23,-88.062778,41.815141,23,8.3,,,
UHA-0279,,,NA,P,Q. alba,,,,,,,5/31/23,-88.06474148,41.81779825,NA,,,,Can't find this tree
UHA-0280,,,NA,P,Q. macrocarpa,,,,,,,5/31/23,-88.06499704,41.81788699,NA,,,,Can't find this tree
UHA-0281,SH-Q2912,,NA,P,Q. macrocarpa,X,X,X,Rerun,Rerun,,5/31/23,-88.0649961,41.8175442,89.1,,,,"Old coordinates: (41.8173828,-88.0649243)"
UHA-0282,SH-Q2913,,NA,P,Q. macrocarpa,X,X,X,X,X,,5/31/23,-88.0650209,41.8177066,90.4,,,,
UHA-0283,SH-Q2914,,NA,P,Q. macrocarpa,X,X,X,X,X,,5/31/23,-88.0654367,41.81729735,NA,,,,"Two trees here, will be one of UHA-0494 or UHA-0495"
UHA-0284,SH-Q2915,,NA,P,Q. macrocarpa,X,X,X,X,X,,5/31/23,-88.06558142,41.81742825,102,,,,
UHA-0285,SH-Q2916,,NA,P,Q. macrocarpa,X,X,X,X,X,,5/31/23,-88.06560829,41.81749585,69.9,,,,
UHA-0286,SH-Q2917,,NA,P,Q. macrocarpa,X,X,X,X,X,,5/31/23,-88.06581009,41.81762027,NA,,,,"Three trees in this cluster, only took one (UHA-0287) and resampled the leaves"
UHA-0287,SH-Q2918,,NA,P,Q. macrocarpa,X,X,X,X,X,,5/31/23,-88.06579826,41.81764784,64.8,,,,
UHA-0288,SH-Q2919,,NA,P,Q. macrocarpa,X,X,X,X,X,,5/31/23,-88.06577984,41.81780834,76.4,,,,
UHA-0289,SH-Q2920,,NA,P,Q. macrocarpa,X,X,X,X,X,,5/31/23,-88.0656644,41.81788654,NA,,,,Can't find these
UHA-0290,SH-Q2921,,NA,P,Q. macrocarpa,X,X,X,X,X,,5/31/23,-88.06549382,41.81793322,NA,,,,Can't find these
UHA-0291,,,NA,P,Q. macrocarpa,,,,,,,5/31/23,-88.06555743,41.81785163,NA,,,,Can't find these
UHA-0292,,,NA,P,Q. muehlenbergii,,,,,,,7/12/24,-88.0642045,41.813201,89.3,,,,Originally too tall to sample
UHA-0293,,,NA,P,Q. muehlenbergii,,,,,,,7/12/24,-88.0641549,41.8132325,74.6,,,,Originally too tall to sample
UHA-0294,SH-Q2922,,NA,P,Q. macrocarpa,X,X,X,X,X,,06/01/23,-88.06416,41.813413,NA,,,,"Three trees here, along with UHA-0292 and UHA-0293. Assigned new UHA-0504"
UHA-0295,SH-Q2923,,NA,P,Q. macrocarpa,X,X,X,X,X,,06/01/23,-88.06459,41.81353,74,,,,
UHA-0296,,,NA,P,Q. macrocarpa,No tissue,,,,,,Could not reach,,,NA,,,,
UHA-0297,,,NA,P,Q. macrocarpa,No tissue,,,,,,Could not reach,,,NA,,,,
UHA-0299,SH-Q2925,,NA,P,Q. macrocarpa,X,X,X,X,X,,06/07/23,-88.064494,41.813903,73.5,,,,
UHA-0300,SH-Q2926,,NA,P,Q. alba,X,X,X,X,X,,06/07/23,-88.0643,41.813909,71.3,,,,
UHA-0301,SH-Q2927,,NA,P,Q. macrocarpa,X,X,X,X,X,,06/07/23,-88.06422,41.813675,71.3,54.3,58.7,,Three main trunks
UHA-0302,SH-Q2928,,NA,P,Q. macrocarpa,X,X,X,X,X,,06/07/23,-88.0638575,41.8136948,80.4,,,,"Old coords: (41.81362,-88.0638)"
UHA-0303,SH-Q2929,,NA,P,Q. macrocarpa,X,X,X,X,X,,06/07/23,-88.0638,41.813691,112.4,,,,
UHA-0304,SH-Q2930,,NA,P,Q. macrocarpa,X,X,X,X,X,,06/07/23,-88.06386,41.813757,NA,,,,No tree here
UHA-0305,SH-Q2931,,NA,P,Q. macrocarpa,X,X,X,X,X,,06/07/23,-88.06401,41.813752,65.7,,,,
UHA-0306,SH-Q2932,,NA,P,Q. macrocarpa,X,X,X,X,X,,06/07/23,-88.06395,41.813922,83.5,,,,
UHA-0307,SH-Q2933,,NA,P,Q. macrocarpa,X,X,X,X,X,,06/07/23,-88.06395,41.813945,58,,,,
UHA-0308,SH-Q2934,,NA,P,Q. macrocarpa,X,X,X,X,X,,06/07/23,-88.06395,41.813866,33.6,,,,
UHA-0309,SH-Q2935,,NA,P,Q. macrocarpa,X,X,X,X,X,,06/07/23,-88.06402,41.813894,54.8,,,,
UHA-0310,SH-Q2936,,NA,P,Q. macrocarpa,X,X,X,X,X,,06/07/23,-88.06379,41.814067,NA,,,,"Two trees at this spot, assigned new UHA's (UHA-0505 and UHA-0506)"
UHA-0311,SH-Q2937,,NA,P,Q. alba,X,X,X,X,X,,06/07/23,-88.0637934,41.8139644,51.6,,,,"Old coords: (41.813932,-88.06376)"
UHA-0312,SH-Q2938,,NA,P,Q. macrocarpa,X,X,X,X,X,,06/07/23,-88.0637,41.813737,82.1,,,,
UHA-0313,SH-Q2939,,NA,P,Q. macrocarpa,X,X,X,X,X,,06/07/23,-88.06341939,41.8136972,73.2,56.7,,,
UHA-0314,SH-Q2940,,NA,P,Q. alba,X,X,X,X,X,,06/07/23,-88.06374,41.813847,96.4,,,,
UHA-0315,SH-Q3272,,NA,P,Q. macrocarpa,X,,,,,,06/07/23,-88.0636,41.813918,124,,,,
UHA-0316,SH-Q2941,,NA,P,Q. macrocarpa,X,X,X,X,X,,06/07/23,-88.06376,41.814118,NA,,,,"Can't find, new UHA-0505/0506"
UHA-0317,SH-Q2942,,NA,P,Q. macrocarpa,X,X,X,X,X,,06/07/23,-88.06372,41.814205,79.9,,,,
UHA-0318,SH-Q2943,,NA,P,Q. macrocarpa,X,X,X,X,X,,06/07/23,-88.0646245,41.8141471,108.5,,,,"Old coords: (41.814211,-88.06364)"
UHA-0319,SH-Q2944,,NA,P,Q. alba,X,X,X,X,X,,06/07/23,-88.06345,41.814117,55.3,,,,
UHA-0320,SH-Q2945,,NA,P,Q. alba,X,X,X,X,X,,06/07/23,-88.06344,41.814103,70,,,,
UHA-0321,SH-Q2946,,NA,P,Q. macrocarpa,X,X,X,X,Rerun,,06/07/23,-88.06338,41.814086,101.2,,,,
UHA-0322,SH-Q2947,,NA,P,Q. macrocarpa,X,X,X,X,X,,06/07/23,-88.06337,41.81395,108.1,,,,
UHA-0323,SH-Q2948,,NA,P,Q. alba,X,X,X,X,X,,06/07/23,-88.06326915,41.813979,52.6,46.2,,,
UHA-0324,SH-Q2949,,NA,P,Q. alba,X,X,X,X,X,,06/07/23,-88.06324,41.813891,NA,,,,"6 trees here where there are 4 on the map, took new UHA's (UHA-0498 - 0503)"
UHA-0325,SH-Q2950,,NA,P,Q. alba,X,X,X,X,X,,06/07/23,-88.06322,41.813828,NA,,,,"6 trees here where there are 4 on the map, took new UHA's (UHA-0498 - 0503)"
UHA-0326,SH-Q2951,,NA,P,Q. alba,X,X,X,X,X,,06/07/23,-88.06325,41.813788,NA,,,,"6 trees here where there are 4 on the map, took new UHA's (UHA-0498 - 0503)"
UHA-0327,SH-Q2952,,NA,P,Q. alba,X,X,X,X,X,,06/07/23,-88.06331,41.813775,NA,,,,"6 trees here where there are 4 on the map, took new UHA's (UHA-0498 - 0503)"
UHA-0328,SH-Q3273,,NA,P,Q. macrocarpa,,,,,,,06/07/23,-88.06316,41.813579,77.3,62.1,,,
UHA-0329,SH-Q2953,,NA,P,Q. alba,X,X,X,X,X,,06/07/23,-88.063,41.813551,45.7,40.6,,,
UHA-0330,SH-Q2954,,NA,P,Q. macrocarpa,X,X,X,X,X,,06/07/23,-88.063,41.813547,63.8,,,,
UHA-0331,SH-Q2955,,NA,P,Q. alba,X,X,X,X,X,,06/07/23,-88.06296,41.813562,55,,,,
UHA-0332,SH-Q2956,,NA,P,Q. macrocarpa,X,X,X,X,X,,06/07/23,-88.063,41.813641,66.7,,,,
UHA-0333,SH-Q2957,,NA,P,Q. alba,X,X,X,X,X,,06/07/23,-88.06308,41.813999,99.3,,,,
UHA-0334,SH-Q2958,,NA,P,Q. macrocarpa,X,X,X,X,X,,06/07/23,-88.06283,41.81392,93.9,,,,
UHA-0335,SH-Q2959,,NA,P,Q. macrocarpa,X,X,X,X,X,,06/07/23,-88.06291,41.813803,117.4,,,,
UHA-0336,SH-Q2960,,NA,P,Q. macrocarpa,X,X,X,X,X,,06/08/23,-88.06598,41.816622,25.7,,,,
UHA-0337,SH-Q2961,,NA,P,Q. macrocarpa,X,X,X,X,X,,06/08/23,-88.06571,41.816617,89.6,,,,
UHA-0338,SH-Q2962,,NA,P,Q. alba,X,X,X,X,X,,06/08/23,-88.06609,41.817023,87.8,,,,"2 more trees here in a cluster, had to re-sample from UHA-0338 to include the two other trees."
UHA-0339,SH-Q2963,,NA,P,Q. alba,X,X,X,X,X,,06/08/23,-88.06616,41.817179,91.9,,,,
UHA-0340,SH-Q2964,,NA,P,Q. macrocarpa,X,X,X,X,X,,06/08/23,-88.06613,41.817527,91.5,,,,
UHA-0341,SH-Q2965,,NA,P,Q. macrocarpa,X,,,,,,06/08/23,-88.06573,41.817747,71.7,,,,
UHA-0342,SH-Q2966,,NA,P,Q. alba,X,,,,,,06/08/23,-88.06579,41.817635,NA,,,,"Bad coordinates and took new leaves, new UHA-0496"
UHA-0343,SH-Q2967,,NA,P,Q. alba,X,X,X,X,X,,06/08/23,-88.06582,41.817477,85.6,,,,
UHA-0344,SH-Q3274,,NA,P,Q. macrocarpa,X,,,,,,09/14/23,-88.05994208,41.81375691,76.8,,,,
UHA-0345,SH-Q2968,,NA,P,Q. macrocarpa,X,X,X,X,X,,06/08/23,-88.06521,41.8166,76.6,,,,
UHA-0346,SH-Q2969,,NA,P,Q. macrocarpa,X,X,X,X,X,,06/08/23,-88.06532,41.816887,75.8,,,,
UHA-0347,SH-Q2970,,NA,P,Q. macrocarpa,X,X,X,X,X,,06/08/23,-88.06525,41.817111,NA,,,,"Cluster of more trees, took new leaves for UHA-0483 and UHA-0484. Probably having an error because UHA-0348 had incorrect lat/long so one of these newly assigned UHA individuals should match that."
UHA-0348,SH-Q2971,,NA,P,Q. macrocarpa,X,X,X,X,X,,06/08/23,,,NA,,,,"(41.817125, -88.0612) old lat/long that are out of the range"
UHA-0349,SH-Q2972,,NA,P,Q. macrocarpa,X,X,X,X,X,,06/08/23,-88.06503,41.817183,71.4,,,,
UHA-0350,SH-Q2973,,NA,P,Q. alba,X,X,X,X,X,,06/08/23,-88.06501,41.816957,81.1,,,,
UHA-0351,SH-Q3275,QUMU-MT18,549-82*5,P,Q. muehlenbergii,No tissue,,,,,,05/06/24,-88.065622,41.814004,49.1,,,,
UHA-0352,SH-Q2975,,NA,P,Q. alba,X,X,X,X,X,,06/08/23,-88.0647,41.816869,58.3,,,,"Two others near this one, come back to it"
UHA-0353,SH-Q2976,,NA,P,Q. macrocarpa,X,X,X,X,X,,06/08/23,-88.06464,41.816713,86.5,,,,
UHA-0354,SH-Q2974,,NA,P,Q. macrocarpa,X,X,X,X,X,,06/08/23,-88.06459,41.816609,75.8,,,,
UHA-0355,SH-Q3145,,NA,P,Q. macrocarpa,X,,,,,,06/08/23,-88.06451,41.81648,83.9,,,,
UHA-0356,SH-Q3146,,NA,P,Q. macrocarpa,X,,,,,,06/08/23,-88.06439,41.816623,NA,,,,"new UHA assigned, UHA-0512"
UHA-0357,SH-Q3147,,NA,P,Q. macrocarpa,X,,,,,,06/08/23,-88.06454,41.816754,56.2,,,,
UHA-0358,SH-Q3148,,NA,P,Q. macrocarpa,X,,,,,,06/08/23,-88.06445,41.816729,21.3,,,,
UHA-0359,SH-Q3149,,NA,P,Q. macrocarpa,X,,,,,,06/08/23,-88.06443,41.816754,52,,,,
UHA-0360,SH-Q3150,,NA,P,Q. macrocarpa,X,,,,,,06/08/23,-88.0644,41.816808,NA,,,,"New UHA's assigned, three trees in the area: UHA-0509, UHA-0510, UHA-0511"
UHA-0361,SH-Q3151,,NA,P,Q. alba,X,,,,,,06/08/23,-88.0643,41.816827,74.3,,,,"Better coordinates: (41.8168108, -88.0642447)"
UHA-0362,SH-Q3152,,NA,P,Q. macrocarpa,X,,,,,,06/08/23,-88.06424,41.81692,66.2,,,,
UHA-0363,SH-Q3153,,NA,P,Q. macrocarpa,X,,,,,,06/08/23,-88.06436,41.816998,78.9,,,,
UHA-0364,NA,,NA,P,Q. alba,No tissue,,,,,,06/08/23,-88.06442,41.817207,51.5,,,,No tissue!
UHA-0365,SH-Q3155,,NA,P,Q. macrocarpa,X,,,,,,06/08/23,-88.06457,41.817268,72.2,,,,
UHA-0366,SH-Q3156,,NA,P,Q. macrocarpa,X,,,,,,06/08/23,-88.06451,41.817313,39.7,,,,
UHA-0367,SH-Q3157,,NA,P,Q. alba,X,,,,,,06/08/23,-88.064561,41.817726,82.7,,,,
UHA-0368,SH-Q3158,,NA,P,Q. alba,X,,,,,,06/08/23,-88.06448,41.817737,52.3,,,,
UHA-0369,SH-Q3159,,NA,P,Q. alba,X,,,,,,06/08/23,-88.06423,41.817718,NA,,,,Not found (7/9/24 ME)
UHA-0370,SH-Q3160,,NA,P,Q. alba,X,,,,,,06/12/23,-88.0642,41.817939,79.1,,,,
UHA-0371,SH-Q3161,,NA,P,Q. alba,X,,,,,,06/12/23,-88.06406,41.817675,64.2,,,,
UHA-0372,SH-Q3162,,NA,P,Q. macrocarpa,X,,,,,,06/12/23,-88.06411,41.817596,21.8,,,,
UHA-0373,SH-Q3163,,NA,P,Q. macrocarpa,X,,,,,,06/12/23,-88.06411,41.817565,16.4,,,,
UHA-0374,SH-Q3164,,NA,P,Q. macrocarpa,X,,,,,,06/12/23,-88.06409,41.817508,NA,,,,"Possibly two different trees, new UHA's assigned UHA-0480 and UHA-0481"
UHA-0375,SH-Q3165,,NA,P,Q. macrocarpa,X,,,,,,06/12/23,-88.06399,41.81746,17.7,,,,
UHA-0376,SH-Q3166,,NA,P,Q. macrocarpa,X,,,,,,06/12/23,-88.06393,41.817468,31,,,,
UHA-0377,SH-Q3167,,NA,P,Q. alba,X,,,,,,06/12/23,-88.06384,41.817421,NA,,,,"Possibly two different trees, new UHA's assigned (UHA-0480 and UHA-0481)"
UHA-0378,SH-Q3168,,NA,P,Q. alba,X,,,,,,06/12/23,-88.06389,41.817349,86.3,,,,
UHA-0379,SH-Q3154,,NA,P,Q. alba,X,,,,,,06/12/23,-88.06374,41.817496,NA,,,,"Three trees where there should have been two, assigned new UHA"
UHA-0380,SH-Q3169,,NA,P,Q. alba,X,,,,,,06/12/23,-88.06365,41.81752,28.9,,,,
UHA-0381,SH-Q3170,,NA,P,Q. alba,X,,,,,,06/12/23,-88.06365,41.817544,30.1,,,,
UHA-0382,SH-Q3171,,NA,P,Q. alba,X,,,,,,06/12/23,-88.06371,41.817476,NA,,,,"Three trees where there should have been two, assigned new UHA (UHA-0477, UHA-0478, UHA-0479)"
UHA-0383,SH-Q3172,,NA,P,Q. alba,X,,,,,,06/12/23,-88.06361,41.817641,52.1,,,,
UHA-0384,SH-Q3173,,NA,P,Q. alba,X,,,,,,06/12/23,-88.06366,41.81772,67.7,,,,
UHA-0385,SH-Q3174,,NA,P,Q. alba,X,,,,,,06/12/23,-88.06371,41.817699,43.4,,,,
UHA-0386,SH-Q3175,,NA,P,Q. alba,X,,,,,,06/12/23,-88.06349,41.817588,NA,,,,Does not exist at this lat/long
UHA-0387,SH-Q3176,,NA,P,Q. alba,X,,,,,,06/12/23,-88.0636,41.817741,74.5,,,,"Another tree next to this one, probably outside sample range"
UHA-0388,SH-Q3177,,NA,P,Q. alba,X,,,,,,06/12/23,-88.06357,41.817834,61.1,,,,
UHA-0389,SH-Q3178,,NA,P,Q. alba,X,,,,,,06/12/23,-88.06376,41.817836,50.2,,,,
UHA-0390,SH-Q3179,,NA,P,Q. alba,X,,,,,,06/12/23,-88.06376,41.817961,57.1,,,,
UHA-0391,SH-Q3180,,NA,P,Q. alba,X,,,,,,06/12/23,-88.06385,41.817913,52.4,,,,
UHA-0392,SH-Q3181,,NA,P,Q. alba,X,,,,,,06/12/23,-88.06367,41.817336,76.1,,,,
UHA-0393,SH-Q3182,,NA,P,Q. alba,X,,,,,,06/12/23,-88.06375,41.817302,71.5,,,,
UHA-0394,SH-Q3183,,NA,P,Q. alba,X,,,,,,06/12/23,-88.06338,41.817052,NA,,,,"Took new UHA's, no trees at this lat/long with this organization (UHA-0516)"
UHA-0395,SH-Q3184,,NA,P,Q. macrocarpa,X,,,,,,06/12/23,-88.06334,41.817027,NA,,,,"Took new UHA's, no trees at this lat/long with this organization (UHA-0516)"
UHA-0396,SH-Q3185,,NA,P,Q. macrocarpa,X,,,,,,06/12/23,-88.06334,41.816967,NA,,,,"Took new UHA's, no trees at this lat/long with this organization (UHA-0516)"
UHA-0397,SH-Q3186,,NA,P,Q. macrocarpa,X,,,,,,06/12/23,-88.0633,41.817031,NA,,,,"Took new UHA's, no trees at this lat/long with this organization (UHA-0516)"
UHA-0398,SH-Q3187,,NA,P,Q. macrocarpa,X,,,,,,06/12/23,-88.06335,41.816836,65.3,,,,
UHA-0399,SH-Q3188,,NA,P,Q. macrocarpa,X,,,,,,06/12/23,-88.0661538,41.8171599,92.9,,,,"Old coords: (41.817021,-88.066352)"
UHA-0400,SH-Q3189,,NA,P,Q. macrocarpa,X,,,,,,06/12/23,-88.06377,41.816928,,,,,"Assigned new UHA, no matching trees"
UHA-0401,SH-Q3190,,NA,P,Q. macrocarpa,X,,,,,,06/12/23,-88.0638,41.816811,,,,,"Assigned new UHA, no matching trees"
UHA-0402,SH-Q3191,,NA,P,Q. macrocarpa,X,,,,,,06/12/23,-88.06373,41.816748,,,,,"Assigned new UHA, no matching trees"
UHA-0403,SH-Q3192,,NA,P,Q. macrocarpa,X,,,,,,06/12/23,-88.06379,41.816833,,,,,"Assigned new UHA, no matching trees"
UHA-0404,SH-Q3193,,NA,P,Q. alba,No tissue,,,,,,06/12/23,-88.06376,41.816613,,,,,"Assigned new UHA, no matching trees"
UHA-0405,SH-Q3194,,NA,P,Q. macrocarpa,,,,,,,06/12/23,-88.06396,41.816576,,,,,"Assigned new UHA, no matching trees"
UHA-0406,SH-Q3195,,NA,P,Q. macrocarpa,,,,,,,06/12/23,-88.06401,41.81665,,,,,"Assigned new UHA, no matching trees"
UHA-0407,SH-Q3196,,NA,P,Q. macrocarpa,,,,,,,06/12/23,-88.06393,41.816695,,,,,"Assigned new UHA, no matching trees"
UHA-0408,SH-Q3197,,NA,P,Q. alba,,,,,,,06/12/23,-88.06401,41.81665,,,,,"Assigned new UHA, no matching trees"
UHA-0409,SH-Q3198,,NA,P,Q. macrocarpa,,,,,,,06/12/23,-88.06397,41.816704,,,,,"Assigned new UHA, no matching trees"
UHA-0410,SH-Q3199,,NA,P,Q. alba,,,,,,,06/12/23,-88.06401,41.816732,,,,,"Assigned new UHA, no matching trees"
UHA-0411,SH-Q3200,,NA,P,Q. macrocarpa,,,,,,,06/12/23,-88.06388,41.816703,,,,,"Assigned new UHA, no matching trees"
UHA-0412,SH-Q3201,,NA,P,Q. alba,,,,,,,06/12/23,-88.06394,41.816725,,,,,"Assigned new UHA, no matching trees"
UHA-0413,SH-Q3202,,NA,P,Q. macrocarpa,,,,,,,06/12/23,-88.06397,41.816803,,,,,"Assigned new UHA, no matching trees"
UHA-0414,SH-Q3203,,NA,P,Q. alba,,,,,,,06/12/23,-88.06388,41.816895,,,,,"Assigned new UHA, no matching trees"
UHA-0415,SH-Q3204,,NA,P,Q. alba,,,,,,,06/12/23,-88.06384,41.81706,,,,,"Assigned new UHA, no matching trees"
UHA-0416,SH-Q3205,,NA,P,Q. alba,,,,,,,06/12/23,-88.06396,41.817027,NA,,,,new UHA-0513
UHA-0417,SH-Q3206,,NA,P,Q. alba,,,,,,,06/12/23,-88.0639,41.817109,62.1,60.1,,,
UHA-0418,SH-Q3207,,NA,P,Q. alba,,,,,,,06/12/23,-88.06396,41.817178,67.9,,,,
UHA-0419,SH-Q3208,,NA,P,Q. alba,,,,,,,06/12/23,-88.06419,41.816857,59.6,,,,
UHA-0420,SH-Q3209,,NA,P,Q. macrocarpa,,,,,,,06/12/23,-88.06417,41.816727,58.5,,,,
UHA-0421,SH-Q3210,,NA,P,Q. macrocarpa,,,,,,,06/12/23,-88.06417,41.816624,50.5,,,,
UHA-0422,SH-Q3211,,NA,P,Q. alba,,,,,,,06/12/23,-88.06418,41.816514,99.1,,,,
UHA-0423,SH-Q3212,,NA,P,Q. alba,,,,,,,06/12/23,-88.06416,41.816475,55.4,,,,
UHA-0424,SH-Q3213,,NA,P,Q. macrocarpa,,,,,,,06/12/23,-88.06434,41.816443,61.9,,,,
UHA-0425,SH-Q3214,,NA,P,Q. macrocarpa,,,,,,,06/12/23,-88.06443,41.816484,81.4,,,,
UHA-0461,SH-Q3250,,NA,P,Q. alba,,,,,,,2023-09-14,-88.06055052,41.81410261,66.7,,,,
UHA-0462,SH-Q3251,,NA,P,Q. alba,,,,,,,2023-09-14,-88.06054422,41.8139892,80.5,,,,
UHA-0463,SH-Q3252,,NA,P,Q. macrocarpa,,,,,,,2023-09-14,-88.06052961,41.81389979,34.4,,,,
UHA-0464,SH-Q3253,,NA,P,Q. macrocarpa,,,,,,,2023-09-14,-88.06047029,41.81373604,96.5,,,,
UHA-0465,SH-Q3254,,NA,P,Q. macrocarpa,,,,,,,2023-09-14,-88.06058162,41.81371187,31.5,,,,
UHA-0466,SH-Q3255,,NA,P,Q. macrocarpa,,,,,,,2023-09-14,-88.06059105,41.813456,61.4,,,,
UHA-0467,SH-Q3256,,NA,P,Q. macrocarpa,,,,,,,2023-09-14,-88.06057382,41.81325802,119.9,,,,
UHA-0468,SH-Q3257,,NA,P,Q. macrocarpa,,,,,,,2023-09-14,-88.06048119,41.8131454,65.2,,,,
UHA-0469,SH-Q3258,,NA,P,Q. macrocarpa,,,,,,,2023-09-14,-88.06041357,41.81338574,79.2,,,,
UHA-0470,SH-Q3259,,NA,P,Q. macrocarpa,,,,,,,2023-09-14,-88.0603423,41.8134267,72.2,,,,
UHA-0471,SH-Q3260,,NA,P,Q. macrocarpa,,,,,,,2023-09-14,-88.06024449,41.81361455,74.6,,,,
UHA-0472,SH-Q3261,,NA,P,Q. macrocarpa,,,,,,,2023-09-14,-88.0602524,41.8132696,65.4,,,,
UHA-0473,SH-Q3262,,NA,P,Q. macrocarpa,,,,,,,2023-09-14,-88.06022775,41.8132837,76.4,,,,
UHA-0474,SH-Q3263,,NA,P,Q. macrocarpa,,,,,,,2023-09-14,-88.06001685,41.81384106,41.1,,,,
UHA-0475,SH-Q3264,,NA,P,Q. macrocarpa,,,,,,,2023-09-14,-88.05988183,41.81384017,91.9,,,,
UHA-0476,SH-Q3958,,122-88*1,P,Q. muehlenbergii,,,,,,,2024-07-09,-88.0714096,41.8145509,68.7,37.2,,,
UHA-0477,SH-Q3959,,NA,P,Q. muehlenbergii,,,,,,,2024-07-09,-88.0636392,41.8174632,26.2,,,,
UHA-0478,SH-Q3960,,NA,P,Q. muehlenbergii,,,,,,,2024-07-09,-88.0636744,41.8174734,32.9,,,,
UHA-0479,SH-Q3961,,NA,P,Q. muehlenbergii,,,,,,,2024-07-09,-88.0636972,41.8174385,37.3,,,,
UHA-0480,SH-Q3962,,NA,P,Q. muehlenbergii,,,,,,,2024-07-09,-88.0638149,41.817445,43.2,,,,
UHA-0481,SH-Q3963,,NA,P,Q. muehlenbergii,,,,,,,2024-07-09,-88.0638411,41.817393,42.5,,,,
UHA-0482,SH-Q3964,,NA,P,Q. muehlenbergii,,,,,,,2024-07-09,-88.0647885,41.8171279,68.4,,,,
UHA-0483,SH-Q3965,,NA,P,Q. muehlenbergii,,,,,,,2024-07-09,-88.0651178,41.8170839,83.6,,,,
UHA-0484,SH-Q3966,,NA,P,Q. muehlenbergii,,,,,,,2024-07-09,-88.065277,41.8170956,92,,,,UHA-0347
UHA-0485,SH-Q3967,,NA,P,Q. muehlenbergii,,,,,,,2024-07-09,-88.0654755,41.817264,74.2,,,,
UHA-0486,SH-Q3968,,NA,P,Q. muehlenbergii,,,,,,,2024-07-09,-88.0654433,41.8172236,66.8,,,,
UHA-0487,SH-Q3969,,NA,P,Q. muehlenbergii,,,,,,,2024-07-09,-88.0660388,41.8170422,87.7,,,,
UHA-0488,SH-Q3970,,NA,P,Q. muehlenbergii,,,,,,,2024-07-09,-88.0659955,41.8170394,89.5,,,,
UHA-0489,SH-Q3971,,NA,P,Q. muehlenbergii,,,,,,,2024-07-09,-88.0658661,41.8171216,85.5,,,,
UHA-0490,SH-Q3972,,NA,P,Q. muehlenbergii,,,,,,,2024-07-09,-88.0657786,41.8171244,79.2,,,,
UHA-0491,SH-Q3973,,NA,P,Q. muehlenbergii,,,,,,,2024-07-09,-88.0657179,41.8171171,78.1,,,,
UHA-0492,SH-Q3974,,NA,P,Q. muehlenbergii,,,,,,,2024-07-09,-88.0649082,41.8167418,74.2,,,,
UHA-0493,SH-Q3975,,NA,P,Q. muehlenbergii,,,,,,,2024-07-09,-88.0644724,41.8170699,94.5,,,,
UHA-0494,SH-Q3976,,NA,P,Q. bicolor,,,,,,,2024-07-11,-88.065488,41.8172798,74.6,,,,UHA-0283
UHA-0495,SH-Q3977,,NA,P,Q. alba,,,,,,,2024-07-11,-88.0654353,41.8172273,66.5,,,,UHA-0283
UHA-0496,SH-Q3978,,NA,P,Q. alba,,,,,,,2024-07-11,-88.0658467,41.8174829,84.6,,,,UHA-0342
UHA-0497,SH-Q3979,,NA,P,Q. alba,,,,,,,2024-07-11,-88.06579826,41.81764784,64.8,,,,UHA-0287
UHA-0498,SH-Q3980,,NA,P,Q. muehlenbergii,,,,,,,2024-07-12,-88.0632389,41.8138579,65.1,48.9,,,"UHA-0324, 0325, 0326, 0327"
UHA-0499,SH-Q3981,,NA,P,Q. muehlenbergii,,,,,,,2024-07-12,-88.063195,41.8138454,62,,,,"UHA-0324, 0325, 0326, 0327"
UHA-0500,SH-Q3982,,NA,P,Q. muehlenbergii,,,,,,,2024-07-12,-88.0632221,41.8137995,59.3,57.9,,,"UHA-0324, 0325, 0326, 0327"
UHA-0501,SH-Q3983,,NA,P,Q. muehlenbergii,,,,,,,2024-07-12,-88.0632365,41.8138057,51.2,50.4,,,"UHA-0324, 0325, 0326, 0327"
UHA-0502,SH-Q3984,,NA,P,Q. muehlenbergii,,,,,,,2024-07-12,-88.0632922,41.8138,101.5,,,,"UHA-0324, 0325, 0326, 0327"
UHA-0503,SH-Q3985,,NA,P,Q. muehlenbergii,,,,,,,2024-07-12,-88.0633093,41.8137397,45.6,,,,"UHA-0324, 0325, 0326, 0327"
UHA-0504,SH-Q3986,,NA,P,Q. muehlenbergii,,,,,,,2024-07-12,-88.064065,41.8132645,73.4,,,,UHA-0294
UHA-0505,SH-Q3987,,NA,P,Q. muehlenbergii,,,,,,,2024-07-12,-88.0638038,41.8140461,60,,,,UHA-0310
UHA-0506,SH-Q3988,,NA,P,Q. muehlenbergii,,,,,,,2024-07-12,-88.0637267,41.814029,41.6,,,,UHA-0310
UHA-0507,SH-Q3989,,NA,P,Q. muehlenbergii,,,,,,,2024-07-12,-88.0636402,41.8139924,48.7,39.9,39.8,,UHA-0310 or UHA-0316
UHA-0508,SH-Q3990,,NA,P,Q. macrocarpa,,,,,,,2024-07-18,-88.064473,41.8167526,53.1,,,,UHA-0360
UHA-0509,SH-Q3991,,NA,P,Q. macrocarpa,,,,,,,2024-07-18,-88.0643959,41.8167893,51.2,,,,UHA-0360
UHA-0510,SH-Q3992,,NA,P,Q. macrocarpa,,,,,,,2024-07-18,-88.0643785,41.8167975,52.4,,,,UHA-0360
UHA-0511,SH-Q3993,,NA,P,Q. macrocarpa,,,,,,,2024-07-18,-88.0644093,41.8167271,78.2,,,,UHA-0360
UHA-0512,SH-Q3994,,NA,P,Q. macrocarpa,,,,,,,2024-07-18,-88.0643909,41.8165587,56.1,,,,UHA-0356
UHA-0513,SH-Q3995,,NA,P,Q. alba,,,,,,,2024-07-18,-88.0639413,41.8169417,47.8,,,,UHA-0416
UHA-0514,SH-Q3996,,NA,P,Q. macrocarpa,,,,,,,2024-07-18,-88.0638598,41.8170072,63.3,,,,UHA-0415
UHA-0515,SH-Q3997,,NA,P,Q. macrocarpa,,,,,,,2024-07-18,-88.0638649,41.8169944,59.8,,,,UHA-0415
UHA-0516,SH-Q3998,,NA,P,Q. alba,,,,,,,2024-07-18,-88.0633968,41.8170077,74.7,,,,"UHA-0394, UHA-0395, UHA-0396, UHA-0397"
UHA-0517,SH-Q3999,,NA,P,Q. macrocarpa,,,,,,,2024-07-18,-88.0635024,41.816955,53.8,,,,"no UHA here already, probably a tree that was originally too tall"
UHA-0518,SH-Q4000,,NA,P,Q. macrocarpa,,,,,,,2024-07-18,-88.0635178,41.8169904,78.8,,,,"no UHA here already, probably a tree that was originally too tall"
UHA-0519,SH-Q4001,,NA,P,Q. alba,,,,,,,2024-07-18,-88.0637619,41.8165087,74.3,,,,UHA-0404 or UHA-0405
UHA-0520,SH-Q4002,,NA,P,Q. macrocarpa,,,,,,,2024-07-18,-88.063891,41.8166344,76,,,,UHA-0404 or UHA-0405
UHA-0521,SH-Q4003,,NA,P,Q. macrocarpa,,,,,,,2024-07-18,-88.0639983,41.8166901,56.5,,,,Space between UHA-0402 and UHA-0398
UHA-0522,SH-Q4004,,NA,P,Q. macrocarpa,,,,,,,2024-07-18,-88.0639497,41.8166976,62.1,,,,Space between UHA-0402 and UHA-0398
UHA-0523,,,NA,P,Q. macrocarpa,,,,,,,2024-07-18,-88.0640144,41.8167176,61.3,,,,Space between UHA-0402 and UHA-0398
UHA-0524,,,NA,P,Q. macrocarpa,,,,,,,2024-07-18,-88.063781,41.8168248,81.9,,,,Space between UHA-0402 and UHA-0398
UHA-0525,,,NA,P,Q. alba,,,,,,,2024-07-18,-88.0638266,41.8168757,76.1,,,,Space between UHA-0402 and UHA-0398
UHA-0526,,,NA,P,Q. macrocarpa,,,,,,,2024-07-18,-88.0637304,41.8168565,51.2,,,,Space between UHA-0402 and UHA-0398