13,417,2,155,262,,,,,,,,,,,,,,,,,,,,,,,
,,,UHA-0460,UHA-0351,,,,,,,,,,,,,,,,,,,,,,,
Ind,Pop,QS03797 - 1, ,MSQ13 - 1, ,QrZAG20 - 1, ,QS00314 - 1, ,QpZAG9 - 1, ,QS1904 - 1, ,MSQ4 - 1, ,QpZAG110 - 1, ,QS00562 - 1, ,QpZAG119 - 1, ,QrZAG87 - 1, ,QpZAG1/5 - 1, ,QM69-2M1 - 1, 
"UHA-0126","UHA-0460","04","04","13","13","01","12","03","03","13","13","02","03","03","15","02","02","02","03","30","30","04","04","08","10","06","10"
"UHA-0127","UHA-0460","03","03","13","15","13","13","05","05","0","0","02","03","12","12","02","02","0","0","30","34","04","04","08","06","10","12"
"UHA-0135","UHA-0460","04","03","13","15","01","12","03","05","08","15","02","03","03","08","02","03","02","02","30","23","04","04","08","13","10","14"
"UHA-0166","UHA-0460","04","02","06","06","13","11","03","03","13","15","02","03","12","10","01","07","02","03","21","31","04","04","08","09","11","11"
"UHA-0169","UHA-0460","03","03","13","15","13","05","03","03","13","11","02","02","04","11","02","02","02","03","08","19","04","08","08","08","12","05"
"UHA-0058","UHA-0460","03","03","13","06","13","06","03","03","15","15","03","07","04","07","02","01","0","0","31","08","04","04","08","03","06","06"
"UHA-0020","UHA-0460","02","09","13","13","12","02","05","05","08","08","02","07","12","07","02","02","02","02","19","29","04","04","13","13","06","06"
"UHA-0023","UHA-0460","03","09","13","13","13","11","03","05","08","15","02","02","0","0","0","0","02","02","19","19","04","04","08","13","06","06"
"UHA-0025","UHA-0460","03","03","06","14","11","05","03","05","08","17","03","03","03","11","02","02","02","02","16","26","04","04","08","13","06","06"
"UHA-0026","UHA-0460","03","02","13","06","12","06","03","03","15","11","02","03","12","12","02","02","0","0","31","16","04","04","08","03","06","10"
"UHA-0027","UHA-0460","03","03","06","14","11","10","05","04","08","19","02","03","03","09","02","02","02","02","31","16","04","04","08","03","06","06"
"UHA-0028","UHA-0460","03","02","15","06","12","10","05","05","08","15","02","03","12","09","02","02","02","02","23","29","04","04","08","13","06","14"
"UHA-0099","UHA-0460","03","03","14","14","05","10","03","05","15","19","02","02","08","09","02","02","02","02","31","26","04","04","06","03","06","06"
"UHA-0029","UHA-0460","03","02","06","14","01","12","03","04","08","15","02","02","12","08","02","03","02","02","31","31","04","04","08","13","06","06"
"UHA-0043","UHA-0460","03","03","13","06","13","11","0","0","0","0","02","02","03","07","02","02","02","02","08","08","04","04","08","08","06","06"
"UHA-0045","UHA-0460","03","09","13","13","06","02","03","05","15","15","02","02","12","12","02","02","02","02","19","22","04","04","08","13","06","10"
"UHA-0047","UHA-0460","03","03","13","06","13","06","03","03","08","15","02","07","04","07","02","03","02","02","08","08","04","04","08","03","06","06"
"UHA-0050","UHA-0460","02","02","13","06","12","13","03","03","08","11","02","03","12","12","02","02","02","03","08","16","04","04","08","13","06","06"
"UHA-0052","UHA-0460","03","09","13","13","06","02","05","05","08","15","02","03","11","07","02","02","02","02","19","25","04","04","08","11","06","10"
"UHA-0056","UHA-0460","04","04","13","14","12","13","03","05","15","15","02","02","0","0","02","02","02","02","19","24","04","04","08","06","06","06"
"UHA-0068","UHA-0460","04","03","13","13","12","06","03","03","13","15","02","02","04","06","0","0","03","03","31","31","04","04","08","09","06","12"
"UHA-0070","UHA-0460","04","03","13","06","12","13","03","03","13","12","02","02","12","04","02","02","02","03","30","19","04","04","08","09","12","11"
"UHA-0071","UHA-0460","04","03","13","15","13","11","03","05","13","12","02","02","04","11","02","02","0","0","31","31","04","04","09","09","10","12"
"UHA-0075","UHA-0460","03","03","0","0","13","06","0","0","15","12","02","02","04","04","02","02","02","02","19","22","04","04","08","09","06","11"
"UHA-0077","UHA-0460","04","03","13","06","12","13","03","05","15","12","02","02","12","04","02","02","02","02","19","32","04","04","09","09","06","11"
"UHA-0079","UHA-0460","03","03","06","06","13","13","03","05","13","13","02","02","04","04","02","02","03","03","31","31","04","04","08","09","11","11"
"UHA-0080","UHA-0460","04","04","15","06","12","12","03","02","13","14","02","02","04","04","02","02","0","0","19","32","04","04","08","10","11","13"
"UHA-0081","UHA-0460","04","03","13","06","12","13","03","05","13","12","02","02","12","04","02","02","0","0","31","31","04","04","08","09","12","11"
"UHA-0093","UHA-0460","04","04","13","13","12","13","03","03","13","14","02","02","0","0","02","02","0","0","19","32","04","04","08","08","06","12"
"UHA-0094","UHA-0460","04","03","13","15","01","12","03","03","19","18","02","03","12","12","02","02","03","03","19","29","04","04","08","10","10","12"
"UHA-0095","UHA-0460","03","03","13","15","01","13","03","03","19","18","02","02","04","11","02","02","03","03","29","17","04","04","08","10","06","06"
"UHA-0096","UHA-0460","03","03","13","13","01","13","03","05","0","0","02","02","0","0","02","02","0","0","19","29","04","04","08","10","06","12"
"UHA-0097","UHA-0460","04","03","15","15","13","11","03","03","0","0","02","03","11","11","02","02","03","03","19","17","04","04","08","10","06","10"
"UHA-0098","UHA-0460","03","03","13","14","01","13","03","04","08","15","02","07","12","08","02","03","02","02","31","19","04","04","08","13","06","06"
"UHA-0101","UHA-0460","03","03","13","15","01","02","0","0","08","15","02","02","07","09","03","03","0","0","31","08","04","04","08","13","06","14"
"UHA-0105","UHA-0460","03","03","15","14","01","12","05","04","17","19","02","03","08","09","02","02","02","02","23","23","04","04","08","03","06","14"
"UHA-0109","UHA-0460","03","02","06","14","01","12","05","04","08","19","02","02","03","08","02","03","02","02","31","16","04","04","08","13","06","06"
"UHA-0111","UHA-0460","04","03","13","14","12","10","05","05","15","17","02","03","08","11","02","02","02","02","23","23","04","04","08","08","06","14"
"UHA-0112","UHA-0460","04","04","15","06","12","12","03","03","13","14","02","02","04","04","02","02","0","0","19","32","04","04","08","10","11","13"
"UHA-0298","UHA-0460","03","03","13","06","06","10","03","05","15","15","02","03","04","11","02","02","02","02","31","22","04","04","08","03","06","10"
"UHA-0021","UHA-0460","03","09","13","13","11","02","05","05","08","08","03","07","12","12","02","02","02","02","08","15","04","04","08","13","06","06"
"UHA-0022","UHA-0460","03","03","06","14","11","10","05","05","08","15","02","02","12","09","02","02","02","02","16","16","04","04","08","13","06","06"
"UHA-0048","UHA-0460","03","03","13","14","01","02","05","04","08","15","02","02","12","09","02","02","02","02","23","19","04","04","08","13","06","06"
"UHA-0049","UHA-0460","03","09","15","15","01","13","03","04","15","19","02","07","12","09","02","02","02","02","31","19","04","04","08","08","06","14"
"UHA-0053","UHA-0460","03","03","13","06","13","10","03","05","15","15","02","02","11","07","02","02","02","02","19","22","04","04","13","03","06","10"
"UHA-0054","UHA-0460","03","03","13","13","02","10","03","05","15","15","02","07","12","12","02","02","02","02","19","22","04","04","08","03","06","10"
"UHA-0055","UHA-0460","04","09","15","15","13","13","03","05","08","15","02","02","11","07","02","02","02","02","30","19","04","04","08","11","06","10"
"UHA-0069","UHA-0460","04","03","13","15","13","11","03","03","13","19","02","02","12","04","02","02","03","03","19","29","04","04","08","09","10","12"
"UHA-0072","UHA-0460","04","03","13","13","01","12","03","05","19","12","02","02","04","11","02","02","02","02","31","19","04","04","08","10","06","12"
"UHA-0073","UHA-0460","04","03","13","06","12","13","03","03","13","18","02","02","04","04","02","02","03","03","30","31","04","04","08","09","11","11"
"UHA-0074","UHA-0460","03","03","13","14","13","10","05","04","13","19","02","02","08","04","02","03","02","03","30","31","04","04","08","03","06","12"
"UHA-0076","UHA-0460","04","03","13","13","01","12","03","05","13","13","02","02","04","11","02","02","03","03","31","29","04","04","08","09","06","12"
"UHA-0100","UHA-0460","04","03","14","14","12","10","03","04","17","19","02","02","11","09","02","02","02","02","23","26","04","04","06","03","06","06"
"UHA-0102","UHA-0460","03","03","06","14","01","06","03","05","15","19","02","03","11","09","02","02","02","02","31","22","04","04","03","03","06","06"
"UHA-0106","UHA-0460","03","03","13","14","01","13","05","04","08","19","02","02","12","08","02","02","02","02","31","08","04","04","13","03","06","06"
"UHA-0110","UHA-0460","04","03","15","14","12","10","05","05","15","15","02","02","11","09","02","02","02","02","23","23","04","04","06","03","06","14"
"UHA-0036","UHA-0460","03","02","06","14","12","10","0","0","08","19","02","02","12","09","02","02","02","02","23","29","04","04","13","03","06","06"
"UHA-0037","UHA-0460","03","03","06","14","11","10","05","04","15","11","02","02","03","09","02","03","02","03","31","29","04","04","08","13","06","06"
"UHA-0038","UHA-0460","03","02","13","06","12","06","05","05","15","11","02","03","12","11","02","01","02","03","31","29","04","04","08","08","06","06"
"UHA-0089","UHA-0460","04","04","15","06","12","11","03","03","13","13","02","02","12","04","02","02","03","03","31","29","04","04","09","09","10","11"
"UHA-0040","UHA-0460","03","02","13","06","12","06","03","05","08","15","02","03","12","04","02","02","02","02","31","29","04","04","08","13","06","10"
"UHA-0041","UHA-0460","03","09","06","06","13","11","03","05","08","08","02","07","03","07","02","02","02","02","19","16","04","04","08","13","06","06"
"UHA-0090","UHA-0460","04","03","13","15","13","11","05","05","13","19","02","02","04","11","02","02","03","03","19","19","04","04","08","10","10","11"
"UHA-0059","UHA-0460","03","09","14","14","01","02","05","05","15","15","02","07","12","09","02","02","02","02","23","08","04","04","08","08","06","06"
"UHA-0063","UHA-0460","04","02","03","03","12","04","03","03","12","14","02","02","03","03","03","03","02","02","08","29","04","04","06","07","14","15"
"UHA-0082","UHA-0460","03","03","15","06","01","13","03","05","13","13","02","02","12","04","02","02","03","03","31","19","04","04","08","09","06","11"
"UHA-0083","UHA-0460","04","03","15","06","13","11","03","03","13","12","02","02","12","04","02","02","02","02","19","29","04","04","09","09","10","11"
"UHA-0084","UHA-0460","04","03","13","13","01","12","03","05","19","12","02","02","04","11","02","02","02","02","19","29","04","04","09","09","06","12"
"UHA-0085","UHA-0460","04","04","13","06","12","11","03","05","19","12","02","02","04","11","02","02","02","02","31","19","04","04","09","09","06","11"
"UHA-0086","UHA-0460","04","04","13","06","12","11","03","05","19","12","02","02","04","11","02","02","02","02","31","19","04","04","09","09","10","11"
"UHA-0087","UHA-0460","04","04","13","06","12","12","03","05","13","12","02","02","04","04","02","02","02","02","30","30","04","04","09","09","11","11"
"UHA-0088","UHA-0460","03","03","13","13","13","13","03","05","12","14","02","02","04","04","02","02","02","02","30","19","04","04","09","09","06","12"
"UHA-0091","UHA-0460","04","04","13","15","12","11","03","03","19","12","02","02","12","04","02","02","02","02","31","19","04","04","09","09","10","12"
"UHA-0113","UHA-0460","03","03","13","14","01","13","05","05","15","19","02","02","07","09","02","02","02","02","23","19","04","04","08","03","06","06"
"UHA-0114","UHA-0460","03","09","15","15","01","02","0","0","15","15","02","07","08","07","02","02","02","02","31","19","04","04","08","08","06","14"
"UHA-0115","UHA-0460","03","03","06","14","05","10","03","03","15","15","02","02","04","11","0","0","02","02","31","26","04","04","08","06","06","06"
"UHA-0116","UHA-0460","03","03","13","13","06","02","03","03","08","15","03","07","11","07","02","02","02","02","31","08","04","04","13","03","06","10"
"UHA-0118","UHA-0460","03","02","06","06","12","10","03","05","08","15","02","03","12","11","02","02","02","02","31","16","04","04","08","08","06","06"
"UHA-0119","UHA-0460","03","03","15","06","06","10","03","05","15","15","02","02","08","11","02","03","02","02","23","31","04","04","08","03","06","14"
"UHA-0120","UHA-0460","03","03","13","15","10","10","05","05","15","19","02","03","08","11","02","02","02","02","31","31","04","04","03","03","10","14"
"UHA-0121","UHA-0460","03","03","15","06","10","10","05","05","15","15","02","03","11","09","02","02","02","02","31","22","04","04","08","08","06","14"
"UHA-0122","UHA-0460","03","03","15","06","06","10","03","05","15","15","02","03","11","09","03","01","02","02","31","22","04","04","08","03","06","14"
"UHA-0123","UHA-0460","03","03","13","15","13","13","05","05","08","11","02","03","12","12","02","02","02","02","30","34","04","04","08","08","06","10"
"UHA-0124","UHA-0460","03","03","13","15","13","06","03","05","08","11","02","02","12","12","02","02","02","02","0","0","04","04","08","13","06","10"
"UHA-0125","UHA-0460","04","02","13","15","12","13","03","05","08","15","02","03","12","10","02","07","02","02","30","21","04","04","13","09","06","06"
"UHA-0128","UHA-0460","03","03","13","15","13","06","05","05","13","14","02","02","04","04","0","0","02","03","30","34","04","04","08","06","10","12"
"UHA-0129","UHA-0460","04","03","13","15","12","06","03","05","13","14","02","03","12","12","02","02","02","03","0","0","04","04","08","06","10","12"
"UHA-0130","UHA-0460","04","04","13","15","12","13","03","05","13","11","02","03","03","11","02","02","02","03","30","34","04","04","08","08","06","10"
"UHA-0131","UHA-0460","04","02","13","15","12","13","03","03","13","15","03","03","12","10","02","07","02","03","30","12","04","04","08","09","06","10"
"UHA-0132","UHA-0460","04","02","13","06","12","13","03","05","13","15","03","03","12","07","02","02","02","03","12","12","04","04","08","09","10","11"
"UHA-0133","UHA-0460","04","03","13","15","12","13","03","03","13","08","02","02","03","04","0","0","02","02","19","32","04","04","08","13","06","10"
"UHA-0134","UHA-0460","03","03","13","15","13","13","05","05","13","11","02","02","04","04","02","02","0","0","34","32","04","04","08","08","06","10"
"UHA-0136","UHA-0460","04","03","13","15","12","06","03","05","13","14","02","03","12","12","02","02","02","03","30","34","04","04","08","06","10","12"
"UHA-0137","UHA-0460","04","04","13","15","12","13","03","05","13","11","02","03","12","04","02","02","02","03","30","34","04","04","08","08","06","12"
"UHA-0138","UHA-0460","03","03","13","17","13","02","03","02","08","16","02","02","10","04","03","06","02","01","32","17","04","01","13","07","10","09"
"UHA-0139","UHA-0460","03","03","13","13","13","02","03","05","08","08","02","02","03","07","02","02","02","02","19","32","04","04","13","13","06","10"
"UHA-0140","UHA-0460","04","03","13","15","12","06","03","05","08","08","02","03","03","11","02","02","02","02","30","25","04","04","13","11","10","10"
"UHA-0141","UHA-0460","04","03","13","14","01","12","03","04","08","15","02","02","03","08","03","01","02","02","23","32","04","04","08","13","06","10"
"UHA-0143","UHA-0460","04","03","13","15","12","06","03","05","08","14","02","03","12","12","02","02","02","02","30","34","04","04","06","13","10","12"
"UHA-0144","UHA-0460","03","03","13","15","13","13","05","05","13","14","02","03","03","04","02","02","02","03","32","32","04","04","08","06","06","12"
"UHA-0146","UHA-0460","04","04","13","15","12","13","05","05","0","0","02","02","12","12","02","02","02","02","32","35","04","04","08","13","10","12"
"UHA-0147","UHA-0460","03","03","13","15","13","06","05","05","08","11","02","02","03","11","02","02","0","0","34","32","04","04","08","13","10","12"
"UHA-0150","UHA-0460","04","03","13","15","11","06","03","03","19","22","02","02","04","11","02","02","02","02","29","13","04","04","10","07","06","10"
"UHA-0162","UHA-0460","04","03","13","14","11","11","03","02","13","09","02","02","0","0","02","05","02","02","30","08","04","11","09","07","06","09"
"UHA-0163","UHA-0460","04","03","14","05","12","06","03","05","15","22","02","02","10","04","02","02","02","02","23","13","04","04","08","07","06","06"
"UHA-0164","UHA-0460","04","03","13","15","11","06","03","03","15","19","02","02","12","06","02","02","0","0","0","0","04","04","10","10","06","02"
"UHA-0165","UHA-0460","04","03","13","13","01","12","03","03","13","19","02","02","12","12","02","02","03","03","30","19","04","04","08","10","06","06"
"UHA-0167","UHA-0460","03","09","06","06","13","02","0","0","0","0","02","02","12","04","02","02","0","0","08","19","04","04","08","13","06","11"
"UHA-0148","UHA-0460","03","03","05","08","11","06","03","05","13","16","02","02","03","03","02","02","02","02","13","05","04","04","06","09","06","11"
"UHA-0151","UHA-0460","03","03","13","05","06","06","03","03","15","22","02","02","04","04","02","02","02","02","31","13","04","04","09","03","06","10"
"UHA-0152","UHA-0460","04","04","13","13","13","11","03","03","13","15","02","07","04","07","02","02","02","02","19","13","04","04","08","09","06","06"
"UHA-0153","UHA-0460","03","09","05","05","13","06","03","03","15","22","02","02","04","07","02","02","02","02","19","13","04","04","08","09","06","06"
"UHA-0154","UHA-0460","04","04","13","14","13","11","05","05","13","15","02","02","10","20","02","02","02","02","30","23","04","04","08","09","06","06"
"UHA-0155","UHA-0460","04","03","15","05","01","11","03","05","13","19","02","02","04","09","02","02","02","02","23","13","04","04","09","03","06","14"
"UHA-0156","UHA-0460","04","08","13","14","13","11","03","03","13","09","02","02","05","05","02","02","02","02","30","25","04","04","08","09","06","04"
"UHA-0157","UHA-0460","04","04","14","05","12","11","03","05","13","15","02","02","04","09","0","0","02","02","30","23","04","04","06","09","06","06"
"UHA-0158","UHA-0460","04","03","13","06","12","06","03","05","22","21","02","02","04","09","02","02","02","03","30","23","04","04","07","07","06","12"
"UHA-0159","UHA-0460","03","03","13","13","06","02","03","05","08","22","02","02","12","04","02","02","02","02","08","29","04","04","13","07","06","06"
"UHA-0160","UHA-0460","04","03","15","05","01","11","03","04","19","22","02","02","04","09","02","03","02","02","23","13","04","04","08","09","06","14"
"UHA-0161","UHA-0460","04","04","13","13","13","11","03","03","15","22","02","07","12","04","02","02","02","02","19","13","04","04","08","07","06","06"
"UHA-0426","UHA-0460","04","03","13","15","11","06","03","05","13","11","02","02","03","12","02","02","02","03","31","20","04","04","08","08","06","12"
"UHA-0427","UHA-0460","04","09","15","15","12","02","03","03","15","18","02","07","12","04","02","02","02","03","19","19","04","04","08","08","06","06"
"UHA-0428","UHA-0460","04","04","15","15","12","11","03","05","19","18","02","02","12","04","02","02","03","03","30","17","04","04","08","10","06","10"
"UHA-0429","UHA-0460","03","03","13","14","05","06","03","03","15","22","02","02","09","20","02","02","02","02","26","13","04","04","06","07","06","06"
"UHA-0430","UHA-0460","03","09","05","05","13","06","03","03","13","15","02","02","12","04","02","02","02","02","30","08","04","04","08","09","06","06"
"UHA-0431","UHA-0460","03","09","05","05","06","02","03","05","15","22","02","02","12","20","02","02","02","02","30","08","04","04","08","07","06","06"
"UHA-0432","UHA-0460","03","03","13","14","05","06","03","03","13","17","02","02","04","11","02","02","0","0","26","13","04","04","06","09","06","06"
"UHA-0433","UHA-0460","04","03","13","14","12","06","03","05","13","15","02","02","04","09","02","02","02","02","30","23","04","04","06","09","06","06"
"UHA-0434","UHA-0460","03","03","15","05","06","15","03","05","13","17","02","02","10","04","02","02","03","03","19","13","04","04","08","09","06","02"
"UHA-0435","UHA-0460","03","03","13","13","13","13","05","05","08","21","03","03","12","06","02","02","02","02","30","24","04","04","08","06","06","13"
"UHA-0436","UHA-0460","04","04","13","15","12","13","03","05","13","11","02","03","03","11","02","02","02","03","34","32","04","04","08","08","06","10"
"UHA-0437","UHA-0460","04","03","13","15","12","06","03","05","08","11","02","03","12","12","02","02","02","02","30","34","04","04","08","13","06","06"
"UHA-0438","UHA-0460","04","04","13","15","12","13","05","05","08","14","02","02","03","11","02","02","02","02","30","35","04","04","06","13","10","12"
"UHA-0439","UHA-0460","04","09","13","13","12","13","03","05","08","08","02","02","12","12","02","01","02","02","30","08","04","04","13","13","06","06"
"UHA-0440","UHA-0460","03","09","13","13","13","06","03","03","08","15","02","03","12","12","02","01","02","02","08","22","04","04","13","03","06","10"
"UHA-0441","UHA-0460","03","03","13","06","13","11","03","05","08","08","02","03","12","12","02","02","02","02","19","16","04","04","08","13","06","06"
"UHA-0442","UHA-0460","03","02","13","13","12","13","03","03","08","15","03","07","12","07","02","02","02","02","08","29","04","04","08","13","06","06"
"UHA-0443","UHA-0460","03","09","15","15","13","10","03","05","08","15","02","02","12","08","02","03","02","02","23","08","04","04","08","13","06","14"
"UHA-0444","UHA-0460","03","09","15","15","01","13","03","04","15","19","02","02","12","08","02","02","02","02","23","19","04","04","08","03","06","14"
"UHA-0445","UHA-0460","03","03","13","14","13","10","05","05","15","15","02","02","12","09","02","02","02","02","23","19","04","04","08","08","06","06"
"UHA-0446","UHA-0460","04","09","13","13","02","08","03","05","08","11","02","03","12","07","02","02","02","02","30","19","04","04","08","13","06","06"
"UHA-0447","UHA-0460","03","03","13","14","01","13","03","04","15","15","02","07","12","08","02","03","02","02","31","08","04","04","08","03","06","06"
"UHA-0448","UHA-0460","03","03","13","15","01","13","03","04","08","15","02","07","12","08","02","02","02","02","23","19","04","04","08","08","06","14"
"UHA-0449","UHA-0460","03","03","13","14","13","10","05","05","15","15","02","07","07","09","03","03","02","02","23","08","04","04","08","08","06","06"
"UHA-0450","UHA-0460","03","03","13","15","01","13","03","04","08","19","02","02","08","07","02","02","02","02","31","08","04","04","13","03","06","14"
"UHA-0451","UHA-0460","03","09","15","15","01","13","03","04","15","19","02","02","12","09","02","02","02","02","23","08","04","04","08","03","06","14"
"UHA-0452","UHA-0460","03","09","14","14","01","02","05","04","15","15","02","02","12","09","03","03","02","02","31","19","04","04","08","08","06","06"
"UHA-0453","UHA-0460","03","03","13","15","13","10","03","04","15","19","02","02","12","08","02","02","02","02","23","19","04","04","08","03","06","14"
"UHA-0454","UHA-0460","03","03","13","14","02","10","05","05","15","15","02","02","08","07","02","03","02","02","31","08","04","04","08","13","06","06"
"UHA-0455","UHA-0460","03","09","14","14","02","10","05","05","08","15","02","02","12","08","02","02","02","02","23","19","04","04","08","13","06","06"
"UHA-0456","UHA-0460","03","03","13","15","13","10","03","04","15","15","02","02","12","09","02","02","02","02","23","08","04","04","08","13","06","14"
"UHA-0457","UHA-0460","03","03","14","14","01","05","03","04","15","15","02","03","09","09","02","03","02","02","23","23","04","04","08","08","06","06"
"UHA-0458","UHA-0460","03","03","14","14","01","05","03","04","15","15","02","03","08","11","02","02","02","02","23","26","04","04","08","08","06","06"
"UHA-0459","UHA-0460","04","03","15","14","12","10","03","05","15","17","02","03","08","09","02","03","02","02","23","31","04","04","08","08","06","14"
"UHA-0460","UHA-0460","03","03","13","15","02","10","03","05","08","15","02","07","12","09","02","03","02","02","31","19","04","04","08","13","06","14"
"UHA-0001","UHA-0351","03","03","03","03","05","06","03","02","14","18","02","02","03","07","03","03","02","02","08","14","04","04","06","07","12","17"
"UHA-0002","UHA-0351","03","03","03","04","01","05","03","02","11","05","01","01","04","07","03","05","02","02","10","28","04","04","09","07","12","14"
"UHA-0003","UHA-0351","03","02","03","03","01","08","03","03","14","21","02","02","03","08","03","03","02","02","22","13","04","04","03","03","12","15"
"UHA-0004","UHA-0351","05","05","13","12","09","16","03","03","15","12","02","02","08","06","07","04","01","01","10","11","0","0","03","03","11","09"
"UHA-0005","UHA-0351","05","05","14","11","10","09","03","03","14","07","02","02","06","01","04","04","02","02","08","05","04","04","10","06","11","09"
"UHA-0006","UHA-0351","05","05","14","11","12","09","03","03","14","16","02","02","09","06","05","05","03","03","05","04","04","04","10","03","09","09"
"UHA-0007","UHA-0351","04","03","17","09","05","08","02","02","17","16","02","02","08","04","06","05","02","02","07","09","04","04","07","14","10","11"
"UHA-0008","UHA-0351","03","03","15","11","11","05","02","02","16","16","02","02","04","05","06","09","02","03","16","16","04","04","10","07","10","09"
"UHA-0009","UHA-0351","04","03","13","15","13","11","03","03","13","18","02","02","12","04","02","03","03","03","31","31","04","04","08","08","06","12"
"UHA-0010","UHA-0351","04","03","13","13","12","13","03","05","13","08","02","03","03","12","0","0","02","03","32","32","04","04","08","13","06","10"
"UHA-0011","UHA-0351","04","03","13","15","13","11","03","03","13","18","02","03","12","04","02","02","03","03","19","17","04","04","08","08","06","06"
"UHA-0012","UHA-0351","04","03","13","05","11","06","03","03","13","22","02","02","04","20","02","02","02","02","30","13","04","04","09","07","06","06"
"UHA-0013","UHA-0351","04","03","13","06","13","11","03","03","13","17","02","02","12","04","02","02","03","03","31","19","04","04","08","08","12","11"
"UHA-0014","UHA-0351","04","03","13","06","12","13","03","05","13","12","02","02","04","04","02","02","02","03","31","19","04","04","08","09","12","11"
"UHA-0015","UHA-0351","04","03","13","15","12","13","03","03","13","18","02","03","12","04","03","03","03","03","19","17","04","04","08","08","06","12"
"UHA-0016","UHA-0351","04","03","13","15","12","06","03","03","13","15","02","02","0","0","0","0","03","03","32","32","04","04","08","10","06","02"
"UHA-0017","UHA-0351","03","03","10","18","13","04","02","02","12","16","02","02","11","09","04","04","0","0","07","06","04","05","09","09","14","11"
"UHA-0018","UHA-0351","03","03","13","18","08","03","02","02","16","21","02","02","09","05","07","08","03","03","0","0","04","05","10","09","11","09"
"UHA-0183","UHA-0351","03","02","03","04","06","07","03","03","19","19","02","02","05","13","03","03","0","0","08","09","04","04","03","07","14","14"
"UHA-0184","UHA-0351","04","04","03","03","05","05","03","03","14","18","02","04","04","04","03","03","02","02","06","06","04","04","06","07","12","12"
"UHA-0186","UHA-0351","04","02","03","04","05","08","03","03","22","21","02","02","03","04","03","03","02","02","08","13","04","04","03","07","12","18"
"UHA-0187","UHA-0351","04","04","03","04","06","06","03","03","13","13","02","02","04","05","03","03","02","02","09","09","04","04","06","06","11","09"
"UHA-0188","UHA-0351","03","02","03","03","05","07","03","03","08","14","02","02","08","08","03","03","02","02","07","03","04","04","08","06","11","17"
"UHA-0191","UHA-0351","04","04","03","03","06","06","03","03","11","18","02","01","13","17","03","03","02","02","08","08","04","04","06","06","17","17"
"UHA-0193","UHA-0351","05","05","12","02","13","04","03","03","11","16","02","02","03","05","04","04","03","03","04","07","0","0","03","03","11","09"
"UHA-0194","UHA-0351","03","03","12","12","09","09","04","02","14","07","02","06","03","06","0","0","0","0","08","08","02","02","03","07","14","09"
"UHA-0195","UHA-0351","03","03","11","11","15","09","0","0","16","05","02","02","03","03","04","04","0","0","04","06","0","0","03","07","09","09"
"UHA-0196","UHA-0351","03","03","12","16","06","10","03","03","09","09","02","02","03","07","04","04","02","02","08","04","0","0","03","07","11","11"
"UHA-0197","UHA-0351","05","05","08","02","12","14","03","03","08","16","02","02","10","07","04","04","0","0","08","04","0","0","10","03","09","09"
"UHA-0198","UHA-0351","02","05","08","12","02","08","03","03","12","14","02","02","11","07","06","09","03","03","28","04","0","0","11","11","09","09"
"UHA-0202","UHA-0351","05","05","11","11","13","13","03","03","12","10","02","03","05","14","06","06","02","02","09","01","0","0","03","07","10","11"
"UHA-0205","UHA-0351","03","03","11","11","10","15","03","03","16","07","02","02","03","04","04","04","02","02","04","04","0","0","03","03","09","09"
"UHA-0207","UHA-0351","05","05","13","12","09","16","03","03","15","12","02","02","08","06","07","04","01","01","10","11","0","0","03","03","11","09"
"UHA-0208","UHA-0351","03","02","13","12","02","04","03","03","13","12","02","02","09","09","05","05","03","03","04","09","0","0","03","03","09","09"
"UHA-0210","UHA-0351","03","03","08","11","13","11","0","0","08","12","02","02","12","05","02","02","02","02","16","35","04","04","10","09","06","14"
"UHA-0211","UHA-0351","03","03","07","07","04","04","03","03","01","04","01","01","04","05","03","04","03","03","08","03","0","0","03","04","15","01"
"UHA-0212","UHA-0351","03","03","07","07","04","04","03","03","01","04","01","01","0","0","03","04","03","03","08","03","0","0","03","04","15","01"
"UHA-0213","UHA-0351","03","03","03","11","05","05","03","06","13","13","02","02","04","06","03","05","02","02","04","04","04","03","06","06","12","14"
"UHA-0214","UHA-0351","03","03","03","10","05","05","06","06","18","09","02","04","06","14","03","04","02","02","04","06","04","03","07","04","12","14"
"UHA-0215","UHA-0351","03","03","13","13","05","04","03","03","13","16","02","02","08","09","03","05","02","02","08","08","04","04","03","04","09","17"
"UHA-0216","UHA-0351","04","03","13","03","04","09","02","02","13","05","02","01","0","0","03","05","0","0","06","03","04","04","03","07","12","09"
"UHA-0217","UHA-0351","03","03","03","11","06","04","03","03","13","13","02","02","03","12","03","05","02","02","06","03","04","04","03","03","10","15"
"UHA-0218","UHA-0351","04","04","03","11","04","04","02","02","13","17","02","02","03","16","03","05","02","02","23","06","04","04","06","03","10","14"
"UHA-0219","UHA-0351","04","03","13","17","08","07","03","03","13","10","02","02","09","09","03","04","0","0","07","09","0","0","03","07","09","09"
"UHA-0220","UHA-0351","03","03","13","09","01","08","02","02","13","09","02","02","03","19","03","03","02","02","08","06","04","04","03","03","14","09"
"UHA-0221","UHA-0351","03","02","13","12","04","15","03","03","12","14","02","02","05","05","04","04","02","02","06","06","15","15","09","07","11","09"
"UHA-0222","UHA-0351","0","0","13","12","04","15","03","03","12","14","02","02","05","05","04","04","02","02","06","06","15","15","09","07","11","09"
"UHA-0223","UHA-0351","02","05","13","11","05","03","03","03","15","21","02","02","03","03","07","04","02","02","07","09","11","11","09","07","10","14"
"UHA-0224","UHA-0351","04","03","13","15","12","06","03","03","13","15","02","02","12","06","02","02","03","03","32","32","04","04","08","10","06","02"
"UHA-0225","UHA-0351","04","02","14","11","13","03","02","02","12","04","02","02","08","08","03","07","02","02","22","03","04","04","10","05","09","09"
"UHA-0226","UHA-0351","04","04","11","11","12","09","02","02","12","04","02","02","08","10","07","06","02","02","22","28","04","05","05","05","13","09"
"UHA-0227","UHA-0351","03","02","13","13","12","03","02","02","11","21","02","02","03","03","07","04","02","02","29","07","11","05","08","08","10","13"
"UHA-0228","UHA-0351","03","02","13","13","10","03","02","02","12","21","02","02","04","04","07","05","02","02","07","07","11","11","09","09","10","13"
"UHA-0229","UHA-0351","03","03","10","18","13","04","02","02","12","16","02","02","11","09","04","04","0","0","07","06","04","05","09","09","14","11"
"UHA-0230","UHA-0351","0","0","11","16","10","07","03","03","17","19","02","02","04","04","06","05","02","02","10","03","04","04","08","07","11","09"
"UHA-0231","UHA-0351","04","03","17","09","05","08","02","02","11","16","02","02","04","18","06","05","02","05","06","06","04","18","08","10","10","09"
"UHA-0232","UHA-0351","04","05","09","16","04","08","02","02","11","17","02","02","08","07","05","05","02","02","06","06","04","04","09","07","13","09"
"UHA-0233","UHA-0351","03","03","15","08","05","07","02","02","16","05","02","02","04","06","0","0","02","03","08","06","04","04","10","10","09","09"
"UHA-0238","UHA-0351","04","04","15","08","05","09","02","02","11","12","02","02","06","13","07","04","02","04","0","0","04","05","08","10","10","09"
"UHA-0239","UHA-0351","03","03","15","14","08","09","02","02","13","11","02","02","04","04","06","04","02","02","17","15","04","12","08","08","10","09"
"UHA-0240","UHA-0351","04","04","13","15","08","09","02","02","11","11","02","02","05","05","07","04","02","02","21","22","05","12","07","07","10","13"
"UHA-0241","UHA-0351","03","03","15","17","13","02","02","02","10","10","02","02","04","04","04","08","03","03","09","09","05","05","09","07","10","13"
"UHA-0242","UHA-0351","03","03","13","19","05","08","02","02","07","03","02","02","04","11","04","08","02","03","10","10","05","05","09","12","10","09"
"UHA-0243","UHA-0351","03","05","13","16","05","08","02","02","17","16","02","02","05","05","08","08","0","0","10","10","05","05","07","01","10","09"
"UHA-0244","UHA-0351","03","02","13","11","12","08","03","02","05","03","02","02","05","05","03","08","02","02","14","10","04","05","07","01","10","11"
"UHA-0245","UHA-0351","03","03","14","14","04","03","02","02","14","04","02","02","09","09","03","03","0","0","12","14","04","04","10","10","09","09"
"UHA-0246","UHA-0351","03","02","13","14","13","05","02","02","11","05","02","02","04","05","05","04","02","03","0","0","04","05","07","07","10","13"
"UHA-0247","UHA-0351","03","05","15","14","02","08","05","02","12","10","02","02","03","03","07","07","0","0","10","10","05","19","10","06","10","12"
"UHA-0248","UHA-0351","03","03","08","09","01","01","03","03","09","09","02","02","12","12","03","04","02","02","17","17","04","04","08","08","08","16"
"UHA-0249","UHA-0351","03","03","08","09","01","01","03","03","08","20","02","02","14","14","04","04","0","0","17","17","04","04","08","10","11","11"
"UHA-0251","UHA-0351","03","10","07","07","10","10","03","01","09","09","02","01","05","05","02","04","03","01","06","02","05","19","06","07","14","18"
"UHA-0252","UHA-0351","03","03","12","10","10","04","03","04","11","09","02","02","0","0","02","02","01","04","11","04","11","23","03","03","19","19"
"UHA-0254","UHA-0351","04","02","15","16","03","03","04","06","08","04","02","01","0","0","03","05","03","03","05","03","09","09","07","07","11","15"
"UHA-0255","UHA-0351","04","03","12","12","13","13","05","04","09","09","02","02","0","0","05","04","02","03","06","06","08","12","10","10","15","09"
"UHA-0256","UHA-0351","03","03","15","06","13","06","05","05","21","20","02","02","04","04","0","0","02","02","21","24","0","0","10","10","06","12"
"UHA-0257","UHA-0351","03","03","15","14","01","10","05","04","15","19","02","02","08","09","02","03","02","02","23","31","04","04","08","03","06","14"
"UHA-0258","UHA-0351","04","03","14","14","12","05","03","05","15","17","02","03","09","09","02","02","0","0","26","24","04","04","08","06","06","06"
"UHA-0259","UHA-0351","03","03","15","15","13","06","05","05","11","14","02","02","04","11","0","0","02","02","34","33","04","04","08","06","06","12"
"UHA-0260","UHA-0351","03","09","13","13","13","02","03","05","08","15","02","07","12","07","02","02","02","02","08","19","04","04","08","13","06","06"
"UHA-0261","UHA-0351","03","02","13","06","12","11","03","05","08","11","02","03","03","12","02","02","02","02","16","16","04","04","08","13","06","06"
"UHA-0262","UHA-0351","04","03","13","06","12","13","03","03","13","12","02","02","12","04","02","02","02","02","30","17","04","04","09","09","12","11"
"UHA-0263","UHA-0351","04","03","13","06","12","13","03","03","13","12","02","03","12","12","02","02","02","03","30","17","04","04","08","09","06","11"
"UHA-0264","UHA-0351","04","03","13","15","11","06","03","03","13","15","02","02","04","06","02","02","03","03","24","24","04","04","08","10","06","02"
"UHA-0265","UHA-0351","04","03","13","15","12","13","03","03","13","14","02","03","04","04","02","02","03","03","32","32","04","04","08","10","06","13"
"UHA-0266","UHA-0351","04","03","13","15","01","11","03","05","13","19","02","02","11","11","02","02","0","0","19","29","04","04","10","09","06","10"
"UHA-0267","UHA-0351","04","03","13","06","12","13","03","05","13","18","02","02","04","04","02","02","03","03","31","19","04","04","08","08","12","11"
"UHA-0273","UHA-0351","0","0","15","06","04","18","03","07","08","08","02","02","03","03","07","04","02","03","08","01","04","15","06","05","05","09"
"UHA-0282","UHA-0351","03","03","13","11","01","01","02","02","08","05","02","02","03","03","06","06","02","02","07","06","05","05","07","07","13","09"
"UHA-0283","UHA-0351","04","04","03","03","05","05","0","0","12","09","02","02","04","04","03","03","02","02","08","08","04","04","07","07","12","15"
"UHA-0284","UHA-0351","03","03","14","01","12","09","02","02","15","21","02","02","04","09","07","04","02","02","14","07","04","05","07","07","11","13"
"UHA-0285","UHA-0351","04","03","03","03","05","04","03","03","09","05","02","02","06","06","03","03","02","02","08","06","04","04","07","05","12","18"
"UHA-0286","UHA-0351","03","03","03","03","11","05","02","02","15","21","02","04","15","05","03","08","02","02","08","05","04","04","07","04","12","12"
"UHA-0287","UHA-0351","04","04","03","08","05","04","0","0","14","21","02","02","05","05","03","03","0","0","09","03","04","04","07","04","0","0"
"UHA-0288","UHA-0351","03","03","14","14","05","07","02","02","12","21","02","02","04","04","0","0","02","02","13","13","08","05","09","03","06","09"
"UHA-0289","UHA-0351","03","02","13","10","08","08","02","02","18","10","02","02","04","04","06","06","0","0","10","10","05","09","07","04","10","09"
"UHA-0294","UHA-0351","03","03","14","17","01","02","03","03","14","10","02","02","15","04","07","05","0","0","05","05","05","20","08","10","09","09"
"UHA-0295","UHA-0351","0","0","11","09","06","02","03","03","15","16","02","02","03","04","07","07","0","0","07","07","04","05","07","01","11","13"
"UHA-0299","UHA-0351","03","03","13","13","08","08","02","02","11","19","02","02","05","05","06","08","03","03","16","05","27","27","09","03","10","11"
"UHA-0300","UHA-0351","04","03","03","03","05","05","03","03","16","09","02","02","14","14","03","04","02","02","09","03","04","04","06","03","12","14"
"UHA-0301","UHA-0351","04","04","13","15","05","08","02","02","11","10","02","02","04","04","04","04","03","03","35","35","05","05","09","03","13","08"
"UHA-0302","UHA-0351","03","07","13","18","01","08","02","02","13","14","02","03","04","09","05","04","0","0","07","09","05","05","10","09","09","09"
"UHA-0303","UHA-0351","04","03","14","14","05","08","03","03","11","17","02","02","04","06","05","04","02","03","26","26","04","05","09","09","14","09"
"UHA-0304","UHA-0351","03","03","14","10","04","03","02","02","21","20","02","02","03","12","03","05","02","02","33","33","05","05","07","07","10","09"
"UHA-0305","UHA-0351","04","04","13","09","08","07","02","02","22","10","02","02","04","04","07","04","0","0","35","20","05","05","03","07","10","08"
"UHA-0306","UHA-0351","04","03","13","14","10","08","02","02","08","22","02","02","04","11","06","04","0","0","0","0","11","05","10","10","09","08"
"UHA-0307","UHA-0351","03","03","15","15","11","02","02","02","15","16","02","02","07","05","07","09","02","02","23","18","12","06","10","01","12","09"
"UHA-0308","UHA-0351","04","04","13","13","05","08","0","0","12","10","02","02","03","03","04","04","0","0","20","10","05","05","09","03","14","08"
"UHA-0309","UHA-0351","03","03","15","14","02","04","02","02","16","06","02","02","05","05","07","08","02","02","07","18","11","12","10","01","12","12"
"UHA-0310","UHA-0351","03","05","11","16","11","02","02","02","15","10","02","02","07","05","05","08","03","03","25","07","06","22","10","10","14","09"
"UHA-0311","UHA-0351","04","06","03","03","04","20","03","03","18","16","02","02","07","18","03","03","02","02","08","06","04","04","06","03","12","18"
"UHA-0312","UHA-0351","04","04","13","15","08","09","02","02","15","10","02","02","03","03","03","04","0","0","18","36","05","05","10","03","14","08"
"UHA-0313","UHA-0351","04","03","15","20","08","09","02","02","15","11","02","02","04","04","03","05","02","01","09","18","05","12","10","10","14","14"
"UHA-0314","UHA-0351","03","03","03","03","06","07","03","03","08","21","02","01","0","0","0","0","0","0","05","06","04","04","08","06","12","12"
"UHA-0316","UHA-0351","03","03","15","14","02","10","02","02","15","11","02","02","12","04","05","05","02","01","07","07","04","06","10","07","12","09"
"UHA-0317","UHA-0351","03","03","14","17","13","05","02","02","16","05","02","02","03","07","03","03","0","0","31","31","27","14","11","01","10","10"
"UHA-0318","UHA-0351","03","03","15","16","08","03","02","02","11","06","02","02","03","09","06","05","0","0","07","07","04","05","10","03","11","11"
"UHA-0319","UHA-0351","03","06","03","03","07","20","03","03","18","16","02","02","03","03","03","03","02","02","05","07","04","04","06","03","12","12"
"UHA-0320","UHA-0351","04","06","03","03","12","20","03","03","14","18","02","02","03","11","03","03","02","02","32","06","04","04","03","07","12","14"
"UHA-0321","UHA-0351","04","03","13","15","08","08","02","02","19","04","02","02","04","09","04","04","0","0","37","37","05","19","10","03","11","09"
"UHA-0322","UHA-0351","04","03","15","18","10","09","02","02","11","14","02","03","03","12","06","08","02","02","07","07","21","21","03","07","12","11"
"UHA-0323","UHA-0351","03","03","03","11","12","07","03","03","18","05","02","02","03","03","03","03","02","02","06","18","04","04","03","07","12","08"
"UHA-0324","UHA-0351","0","0","03","03","11","05","03","03","19","14","02","02","04","04","03","03","02","02","25","06","04","04","06","04","12","12"
"UHA-0325","UHA-0351","03","03","03","03","05","10","03","03","13","19","02","02","10","09","03","03","02","02","08","06","04","04","04","04","12","17"
"UHA-0326","UHA-0351","04","03","03","03","05","05","02","02","14","16","02","02","04","04","03","03","02","02","25","13","04","04","03","05","12","12"
"UHA-0327","UHA-0351","03","03","03","03","05","05","03","03","13","19","02","02","04","05","0","0","02","02","25","10","04","04","06","04","12","12"
"UHA-0329","UHA-0351","04","03","13","14","08","08","02","02","12","12","02","02","04","05","05","04","02","02","06","06","05","16","10","04","11","01"
"UHA-0330","UHA-0351","03","02","14","16","02","10","02","02","11","09","02","02","03","03","05","05","02","03","09","09","04","05","09","09","09","08"
"UHA-0331","UHA-0351","04","02","0","0","06","04","0","0","0","0","02","02","11","05","03","03","02","02","17","07","04","04","06","07","12","12"
"UHA-0332","UHA-0351","03","03","13","17","13","02","02","02","15","14","02","02","06","05","06","06","03","03","05","05","20","28","10","01","10","09"
"UHA-0333","UHA-0351","04","03","03","03","06","19","03","03","14","20","02","02","03","03","03","03","02","02","07","09","04","04","06","07","12","12"
"UHA-0334","UHA-0351","03","03","03","03","05","05","03","03","09","05","02","02","09","09","03","03","02","02","08","08","04","04","07","04","12","03"
"UHA-0335","UHA-0351","0","0","13","18","05","07","02","02","11","12","02","02","0","0","05","05","03","03","08","08","05","25","09","09","10","09"
"UHA-0337","UHA-0351","03","05","13","13","01","02","02","02","13","12","02","02","03","03","06","05","02","02","08","12","05","06","10","03","10","09"
"UHA-0338","UHA-0351","03","06","03","09","05","05","03","03","09","23","02","02","12","05","0","0","02","02","07","07","04","04","03","07","12","14"
"UHA-0339","UHA-0351","04","03","03","03","05","05","02","02","18","21","02","02","09","09","03","04","02","02","03","03","04","04","07","07","12","12"
"UHA-0340","UHA-0351","03","03","17","12","12","13","02","02","15","17","02","02","10","05","05","05","02","02","06","06","04","05","03","07","10","08"
"UHA-0343","UHA-0351","03","03","03","03","11","05","02","02","15","21","02","04","15","05","03","08","02","02","08","05","04","04","07","04","12","12"
"UHA-0345","UHA-0351","04","03","14","17","02","08","02","02","16","10","02","02","04","04","05","09","03","03","32","13","05","09","08","07","11","09"
"UHA-0346","UHA-0351","03","02","11","09","05","05","0","0","16","07","02","02","03","05","03","07","02","02","26","07","05","05","09","07","10","16"
"UHA-0347","UHA-0351","03","02","15","14","11","05","02","02","11","17","02","02","03","04","05","04","0","0","30","30","06","10","10","07","13","09"
"UHA-0348","UHA-0351","05","05","13","18","02","08","02","02","13","16","02","02","03","10","05","08","02","02","23","23","25","24","10","03","10","10"
"UHA-0349","UHA-0351","04","04","15","11","02","08","0","0","17","05","02","02","0","0","07","08","0","0","23","16","05","06","10","07","10","09"
"UHA-0350","UHA-0351","04","03","03","03","05","05","03","03","13","08","02","02","04","04","03","03","02","02","07","27","04","04","07","07","12","14"
"UHA-0354","UHA-0351","03","03","12","16","12","02","03","03","11","17","02","02","07","05","05","05","02","02","27","27","06","06","06","07","09","08"
"UHA-0352","UHA-0351","03","03","11","18","01","08","02","02","07","07","02","02","03","03","07","09","0","0","24","09","04","22","07","07","10","10"
"UHA-0353","UHA-0351","04","03","14","16","01","08","02","02","11","05","02","02","03","04","06","06","0","0","04","27","05","05","09","03","12","09"
"UHA-0172","UHA-0351","05","05","08","11","09","16","03","03","16","07","02","02","03","06","07","04","02","03","04","07","05","06","11","07","11","09"
"UHA-0174","UHA-0351","03","02","15","15","01","08","03","03","08","06","02","02","10","11","06","06","02","02","04","07","05","06","06","07","11","09"
"UHA-0175","UHA-0351","03","03","15","11","01","15","02","02","08","11","02","02","12","04","05","05","03","03","10","10","05","05","10","07","11","13"
"UHA-0176","UHA-0351","04","02","03","03","12","04","03","03","12","14","02","02","03","03","03","03","02","02","08","29","04","04","06","07","14","15"
"UHA-0177","UHA-0351","03","03","14","14","11","11","02","02","12","09","02","02","0","0","05","05","02","02","08","10","04","11","08","07","09","09"
"UHA-0178","UHA-0351","04","04","03","04","12","12","03","03","12","12","02","02","03","03","03","03","02","02","03","18","04","04","06","07","12","14"
"UHA-0179","UHA-0351","05","05","12","02","11","10","03","02","12","12","02","01","04","06","03","04","04","04","08","02","0","0","03","07","11","09"
"UHA-0189","UHA-0351","03","03","03","03","05","06","03","03","08","14","02","02","08","13","03","03","02","02","07","03","04","04","08","06","14","11"
"UHA-0190","UHA-0351","04","03","03","03","05","06","03","03","08","09","02","02","07","13","03","03","02","02","10","03","04","04","03","04","14","11"
"UHA-0199","UHA-0351","03","05","15","12","07","07","03","03","14","14","02","02","03","11","06","04","02","02","04","06","0","0","03","04","11","09"
"UHA-0276","UHA-0351","04","04","11","10","06","04","04","04","09","09","04","04","05","02","06","05","02","02","11","01","03","03","07","07","12","14"
"UHA-0277","UHA-0351","04","04","0","0","05","07","04","04","09","10","03","05","10","02","03","09","02","02","12","11","03","03","07","04","12","14"
"UHA-0203","UHA-0351","05","05","08","11","10","14","03","03","14","16","02","02","03","03","04","04","02","04","04","04","0","0","04","05","11","11"
"UHA-0204","UHA-0351","05","05","12","12","14","21","03","03","13","12","02","02","03","10","07","04","02","02","04","04","05","06","10","04","11","09"
"UHA-0234","UHA-0351","03","02","13","16","06","08","02","02","16","16","02","02","03","03","07","05","02","02","10","06","05","05","10","04","11","13"
"UHA-0235","UHA-0351","03","03","13","11","08","08","03","03","15","16","02","02","10","04","06","05","01","01","16","24","04","05","10","04","11","13"
"UHA-0236","UHA-0351","05","05","15","16","04","07","03","03","12","16","02","02","10","04","05","12","02","02","08","09","04","04","10","07","12","09"
"UHA-0268","UHA-0351","03","03","15","17","13","13","04","04","13","17","02","03","08","04","02","02","02","02","29","29","04","04","10","03","02","08"
"UHA-0269","UHA-0351","03","03","15","15","13","05","03","04","11","20","02","02","11","05","02","05","02","02","08","17","08","07","08","10","12","05"
"UHA-0270","UHA-0351","03","03","10","18","11","17","03","02","17","18","02","02","03","03","02","03","02","03","0","0","04","04","06","03","06","08"
"UHA-0271","UHA-0351","03","03","06","06","06","15","03","02","18","21","02","02","10","11","02","03","02","03","09","09","04","04","08","03","06","07"
"UHA-0272","UHA-0351","03","05","13","18","13","10","05","02","17","17","02","03","03","08","02","02","02","02","22","09","04","04","06","03","06","05"
"UHA-0355","UHA-0351","03","03","13","11","05","02","02","02","17","12","02","02","11","09","05","12","0","0","05","09","05","29","03","07","05","13"
"UHA-0356","UHA-0351","03","05","14","18","02","08","03","03","17","16","02","02","04","05","02","06","03","03","07","33","27","16","08","08","10","14"
"UHA-0357","UHA-0351","03","03","13","18","01","07","02","02","15","16","02","02","09","02","07","05","02","02","24","07","05","16","06","01","14","09"
"UHA-0358","UHA-0351","03","03","17","18","01","11","02","02","13","17","02","02","04","09","07","07","03","03","24","11","04","05","10","03","11","11"
"UHA-0359","UHA-0351","04","03","14","16","05","09","03","03","19","06","02","02","11","05","06","06","02","02","05","33","27","21","09","04","12","13"
"UHA-0361","UHA-0351","0","0","13","14","02","08","0","0","0","0","02","03","03","08","06","06","02","02","25","05","06","28","03","07","10","12"
"UHA-0362","UHA-0351","03","03","13","13","02","08","02","02","15","18","02","02","03","06","05","08","02","02","26","26","04","14","10","03","10","10"
"UHA-0363","UHA-0351","03","03","13","18","01","08","0","0","0","0","02","02","03","03","06","06","02","02","24","20","04","06","03","03","11","09"
"UHA-0379","UHA-0351","04","03","03","03","04","15","03","03","13","13","02","02","03","12","03","03","02","02","12","18","04","04","06","06","06","12"
"UHA-0365","UHA-0351","03","03","13","14","05","09","02","02","15","12","02","02","03","03","06","06","02","02","23","07","27","27","03","01","12","09"
"UHA-0366","UHA-0351","04","03","14","16","02","09","03","05","15","12","02","02","04","19","07","07","02","02","08","07","08","26","09","01","10","12"
"UHA-0367","UHA-0351","04","03","03","03","08","16","03","03","13","09","03","03","08","10","03","03","02","02","17","14","04","04","06","06","12","09"
"UHA-0368","UHA-0351","04","03","03","03","05","04","03","03","08","08","01","01","03","07","03","03","02","02","08","09","04","04","07","07","14","11"
"UHA-0369","UHA-0351","04","03","03","03","05","06","03","03","13","13","02","02","03","06","03","03","02","02","17","09","04","04","06","05","12","15"
"UHA-0370","UHA-0351","03","02","03","03","06","07","0","0","08","02","02","02","03","06","03","03","02","02","07","07","04","04","03","07","11","15"
"UHA-0371","UHA-0351","03","03","03","03","06","06","0","0","08","09","02","02","12","08","03","03","02","02","26","06","04","04","06","07","12","14"
"UHA-0372","UHA-0351","03","02","15","14","05","14","0","0","15","12","02","02","03","03","06","05","02","02","30","07","05","27","08","01","10","12"
"UHA-0373","UHA-0351","03","02","13","13","05","05","0","0","0","0","02","02","04","05","06","10","05","05","05","05","19","14","10","07","10","08"
"UHA-0374","UHA-0351","03","03","14","16","05","08","03","03","12","04","02","02","10","20","10","11","02","03","25","11","06","06","07","07","11","09"
"UHA-0375","UHA-0351","02","02","15","16","02","10","03","03","10","10","02","02","04","04","06","10","02","03","05","05","04","05","10","04","10","09"
"UHA-0376","UHA-0351","03","03","13","13","08","08","03","02","12","12","02","02","04","04","04","04","02","03","26","26","05","06","07","07","10","09"
"UHA-0377","UHA-0351","03","03","03","04","05","04","03","03","13","09","02","02","03","10","03","03","02","02","24","07","04","04","06","07","12","15"
"UHA-0378","UHA-0351","04","03","03","03","05","16","03","03","14","10","02","02","04","16","03","03","02","02","08","27","04","04","08","06","14","17"
"UHA-0380","UHA-0351","04","03","03","03","05","10","0","0","13","11","02","02","03","05","03","03","02","02","21","24","04","04","06","06","12","12"
"UHA-0381","UHA-0351","03","03","03","08","12","04","02","02","09","20","02","01","03","06","03","03","02","02","24","17","04","04","06","07","12","12"
"UHA-0382","UHA-0351","04","04","03","08","05","10","03","03","14","09","02","02","03","03","03","03","02","02","06","18","04","04","07","04","12","12"
"UHA-0383","UHA-0351","04","04","03","02","06","10","0","0","17","09","02","02","08","06","0","0","02","02","09","06","04","04","06","05","14","14"
"UHA-0384","UHA-0351","03","03","03","03","05","06","02","02","11","19","02","02","04","14","03","03","0","0","09","18","04","04","07","07","12","15"
"UHA-0385","UHA-0351","03","03","03","04","04","04","02","02","19","18","02","02","08","05","03","03","02","02","28","28","04","04","06","06","12","12"
"UHA-0386","UHA-0351","03","02","03","03","05","07","0","0","13","21","02","02","13","13","03","03","02","02","10","03","04","04","06","06","15","15"
"UHA-0387","UHA-0351","02","02","03","03","04","07","02","02","13","19","02","02","04","05","03","03","02","02","33","18","04","04","06","06","12","12"
"UHA-0388","UHA-0351","04","02","03","03","05","08","03","03","19","19","02","02","04","06","03","03","02","02","17","33","04","04","08","06","12","17"
"UHA-0389","UHA-0351","04","02","03","03","05","07","0","0","11","16","02","02","08","04","03","03","02","02","05","09","04","04","03","05","12","17"
"UHA-0390","UHA-0351","02","02","03","03","05","07","03","03","08","19","02","02","04","04","03","03","02","02","06","18","04","04","06","07","12","18"
"UHA-0391","UHA-0351","04","04","03","04","05","06","03","03","19","10","03","03","15","05","03","03","02","02","07","18","04","04","06","03","12","16"
"UHA-0392","UHA-0351","04","04","03","03","05","15","03","03","13","14","02","02","03","12","03","03","02","02","12","07","04","04","06","06","06","12"
"UHA-0393","UHA-0351","04","02","03","04","05","15","03","03","17","18","02","02","14","14","03","03","02","02","24","12","04","04","08","06","12","12"
"UHA-0394","UHA-0351","03","01","03","03","08","17","03","03","08","12","02","02","03","05","03","03","02","02","07","06","04","04","06","04","14","17"
"UHA-0395","UHA-0351","02","02","13","14","10","07","02","02","13","19","02","03","04","05","03","06","0","0","14","38","05","23","09","09","13","09"
"UHA-0396","UHA-0351","02","01","13","14","05","03","02","02","11","19","02","03","08","09","03","04","03","03","05","14","05","23","09","07","09","09"
"UHA-0397","UHA-0351","03","03","15","14","05","15","02","02","19","14","02","03","04","04","06","11","0","0","22","22","05","15","09","07","12","09"
"UHA-0398","UHA-0351","03","03","15","08","11","02","05","02","12","22","02","02","09","05","03","05","03","03","21","08","04","08","10","07","10","09"
"UHA-0399","UHA-0351","03","02","13","16","05","08","02","02","12","20","02","02","07","07","07","05","0","0","06","06","04","05","09","03","10","13"
"UHA-0400","UHA-0351","03","03","13","14","02","08","02","02","15","12","02","03","03","04","08","08","02","02","25","05","05","06","02","02","10","09"
"UHA-0401","UHA-0351","03","02","15","18","0","0","02","02","0","0","02","02","08","02","03","06","02","03","06","06","04","05","10","07","10","09"
"UHA-0402","UHA-0351","03","03","0","0","0","0","02","02","0","0","02","02","08","04","05","05","02","02","08","18","05","22","10","09","10","09"
"UHA-0404","UHA-0351","04","04","03","03","05","05","03","03","13","14","02","02","09","09","03","03","02","02","08","17","04","04","06","09","14","15"
"UHA-0405","UHA-0351","03","03","15","18","05","05","02","02","08","16","02","02","03","06","05","05","02","02","14","28","04","23","09","07","14","09"
"UHA-0406","UHA-0351","03","03","13","11","05","02","02","02","05","07","02","02","04","04","06","06","02","03","16","13","05","05","07","07","10","09"
"UHA-0407","UHA-0351","03","03","15","16","05","05","02","02","15","11","02","02","03","09","06","06","04","04","22","22","05","22","07","07","10","14"
"UHA-0408","UHA-0351","04","04","03","03","05","04","02","02","19","18","02","02","03","06","03","03","02","02","17","03","04","04","07","05","14","14"
"UHA-0409","UHA-0351","03","03","14","14","01","05","02","02","15","12","02","02","09","05","06","05","02","02","31","24","05","05","09","01","09","09"
"UHA-0410","UHA-0351","03","03","03","03","04","08","03","03","14","09","02","02","10","04","03","03","02","02","35","35","04","27","06","06","12","18"
"UHA-0411","UHA-0351","03","03","14","16","01","05","02","02","15","12","02","02","08","09","06","04","0","0","24","09","05","05","07","01","09","09"
"UHA-0412","UHA-0351","03","03","03","03","04","08","03","03","14","09","02","02","10","04","03","03","02","02","35","35","04","27","06","06","12","18"
"UHA-0413","UHA-0351","03","03","11","18","05","02","03","03","13","07","02","02","04","04","03","03","03","03","16","24","05","18","09","07","10","13"
"UHA-0414","UHA-0351","04","03","03","03","05","04","02","02","18","16","02","02","06","16","03","03","02","02","17","06","04","04","03","03","12","18"
"UHA-0415","UHA-0351","04","02","03","03","04","07","02","02","14","18","02","01","10","06","03","03","02","02","08","27","04","04","06","03","12","18"
"UHA-0416","UHA-0351","04","03","03","03","12","04","02","02","10","20","03","01","03","06","03","03","02","02","17","06","04","04","06","07","12","14"
"UHA-0417","UHA-0351","04","03","03","03","05","16","03","03","15","14","02","01","04","04","03","03","02","02","19","07","04","04","08","06","14","08"
"UHA-0418","UHA-0351","03","03","03","03","05","16","03","03","13","14","02","01","04","06","03","03","02","02","24","03","04","04","06","06","14","18"
"UHA-0419","UHA-0351","04","03","03","03","05","04","03","03","13","10","02","02","06","05","03","03","02","02","17","10","04","04","03","03","12","17"
"UHA-0420","UHA-0351","03","03","13","14","13","02","02","02","05","06","02","02","04","04","06","06","02","02","16","06","05","05","09","07","09","09"
"UHA-0421","UHA-0351","03","03","15","18","06","08","02","02","13","17","02","02","12","05","05","09","02","01","08","10","05","21","10","07","12","12"
"UHA-0422","UHA-0351","03","02","14","03","08","07","03","03","18","09","03","08","03","03","03","03","02","02","08","10","04","04","06","04","10","12"
"UHA-0423","UHA-0351","04","03","03","03","05","07","02","02","14","14","02","02","11","13","03","03","02","02","25","06","04","04","06","07","14","14"
"UHA-0424","UHA-0351","04","04","13","11","04","08","02","02","08","14","02","02","04","06","07","06","02","02","33","33","05","05","03","07","11","11"
"UHA-0425","UHA-0351","03","05","14","18","02","08","02","02","17","16","02","02","04","05","02","06","03","03","07","33","27","16","08","08","10","14"
"UHA-0461","UHA-0351","04","04","14","14","02","08","03","03","17","12","02","02","03","04","06","04","02","02","26","10","04","13","09","03","09","01"
"UHA-0462","UHA-0351","0","0","14","19","08","07","02","02","17","10","02","02","11","09","05","05","03","03","32","10","04","11","10","09","09","09"
"UHA-0463","UHA-0351","03","02","15","14","02","02","02","02","07","10","02","02","04","06","06","09","0","0","05","07","05","20","07","07","09","20"
"UHA-0464","UHA-0351","03","03","13","14","11","02","02","02","11","07","02","02","04","06","07","06","03","03","05","07","04","20","07","07","10","20"
"UHA-0465","UHA-0351","03","03","13","14","02","08","03","03","11","11","02","02","10","04","07","05","03","03","31","05","04","05","08","08","10","13"
"UHA-0466","UHA-0351","03","05","14","14","05","05","02","02","12","16","02","02","04","05","06","05","02","02","20","06","05","05","10","03","10","11"
"UHA-0467","UHA-0351","03","03","13","14","10","08","02","02","12","06","02","02","04","07","07","06","0","0","13","11","05","21","03","03","10","09"
"UHA-0468","UHA-0351","04","03","17","20","12","08","03","03","08","12","02","02","04","09","06","11","03","03","35","11","05","05","08","10","13","09"
"UHA-0469","UHA-0351","03","03","15","17","02","08","03","03","08","15","02","02","04","19","05","05","03","04","24","24","04","25","07","07","10","09"
"UHA-0470","UHA-0351","03","03","14","14","04","08","02","02","11","18","02","02","03","12","05","08","02","02","25","07","05","21","03","07","10","11"
"UHA-0471","UHA-0351","03","03","16","16","05","08","02","02","15","11","02","02","19","19","07","06","03","04","07","07","15","12","03","07","12","09"
"UHA-0472","UHA-0351","02","02","14","14","01","10","02","02","11","12","02","02","04","02","06","06","0","0","25","14","11","11","03","07","10","09"
"UHA-0473","UHA-0351","03","03","13","18","13","03","02","02","11","14","02","02","04","07","07","04","03","03","11","11","05","05","08","03","10","14"
"UHA-0474","UHA-0351","03","03","13","14","02","04","03","03","11","12","02","02","04","11","06","06","02","03","14","06","11","06","10","07","10","09"
"UHA-0475","UHA-0351","02","02","15","14","10","09","02","02","11","10","02","02","03","04","06","06","03","03","05","14","11","05","10","07","10","10"
"UHA-0180","UHA-0351","07","07","13","13","01","08","02","02","15","11","02","02","04","05","05","05","02","02","11","37","05","05","09","07","11","09"
"UHA-0181","UHA-0351","04","03","13","14","02","09","02","02","08","10","02","04","12","05","06","12","03","03","07","27","05","05","10","09","10","13"
"UHA-0182","UHA-0351","03","05","14","10","02","08","02","02","16","06","02","03","03","11","09","13","0","0","04","04","05","29","08","08","14","11"
"UHA-0278","UHA-0351","04","04","10","10","05","07","05","04","09","06","03","04","11","02","05","05","02","02","05","04","03","03","11","11","12","12"
"UHA-0279","UHA-0351","04","04","03","04","05","06","03","03","13","16","02","02","03","05","03","03","02","02","08","06","04","04","06","06","12","09"
"UHA-0280","UHA-0351","04","03","14","20","05","09","02","02","08","16","02","02","04","06","06","06","02","03","25","07","05","17","07","01","11","09"
"UHA-0291","UHA-0351","04","04","03","03","04","20","03","03","19","14","02","02","07","07","03","03","02","02","07","06","04","04","06","06","12","18"
"UHA-0315","UHA-0351","03","05","15","17","05","06","03","03","13","08","02","02","03","11","04","08","03","03","07","06","05","05","03","03","12","09"
"UHA-0328","UHA-0351","04","04","13","16","05","07","02","02","11","14","02","02","04","04","06","05","03","03","39","39","05","05","10","09","10","09"
"UHA-0344","UHA-0351","03","03","14","16","02","10","02","02","11","16","02","02","04","18","06","06","03","03","14","06","11","06","07","04","10","10"
"UHA-0351","UHA-0351","03","03","13","06","06","10","03","05","15","15","02","03","04","11","01","01","02","02","31","22","04","04","08","03","06","10"
